player_id,player,college_team,college_season,college_targets,college_contested_targets,college_contested_receptions,college_cc_rate,nfl_team,nfl_season,years_after_college,nfl_targets,nfl_contested_targets,nfl_contested_receptions,nfl_cc_rate,nfl_receptions,nfl_rec_yards,nfl_rec_tds
23226,Kwamie Lassiter II,KANSAS,2021,79,10,5,0.5,Bengals,2022,1,0,0,0,,0,0,0
23226,Kwamie Lassiter II,KANSAS,2021,79,10,5,0.5,Bengals,2023,2,1,0,0,,1,2,0
25276,Samori Toure,NEBRASKA,2021,78,8,3,0.375,Packers,2022,1,10,0,0,,5,82,1
25276,Samori Toure,NEBRASKA,2021,78,8,3,0.375,Packers,2023,2,19,5,1,0.2,9,80,0
25276,Samori Toure,NEBRASKA,2021,78,8,3,0.375,Saints,2025,4,3,0,0,,1,3,0
32933,Britain Covey,UTAH,2021,66,13,7,0.5384615384615384,Eagles,2022,1,0,0,0,,0,0,0
32933,Britain Covey,UTAH,2021,66,13,7,0.5384615384615384,Eagles,2023,2,6,1,0,0.0,4,42,0
32933,Britain Covey,UTAH,2021,66,13,7,0.5384615384615384,Eagles,2024,3,10,1,1,1.0,9,55,0
32933,Britain Covey,UTAH,2021,66,13,7,0.5384615384615384,Eagles,2025,4,4,1,0,0.0,2,20,0
40408,Kendric Pryor,WISCONSIN,2021,60,9,2,0.2222222222222222,Bengals,2024,3,1,1,1,1.0,1,9,0
40573,Velus Jones Jr.,TENNESSEE,2021,73,7,3,0.4285714285714285,Bears,2022,1,12,3,1,0.3333333333333333,7,107,1
40573,Velus Jones Jr.,TENNESSEE,2021,73,7,3,0.4285714285714285,Bears,2023,2,8,2,0,0.0,4,20,0
40666,Brandon Johnson,UCF,2021,66,14,8,0.5714285714285714,Broncos,2022,1,12,3,1,0.3333333333333333,6,42,1
40666,Brandon Johnson,UCF,2021,66,14,8,0.5714285714285714,Broncos,2023,2,32,8,3,0.375,20,286,4
40666,Brandon Johnson,UCF,2021,66,14,8,0.5714285714285714,Steelers,2024,3,1,0,0,,1,9,0
41991,Jalen Virgil,APP STATE,2021,24,5,1,0.2,Broncos,2022,1,4,0,0,,2,75,1
41991,Jalen Virgil,APP STATE,2021,24,5,1,0.2,Bills,2024,3,0,0,0,,0,0,0
55038,Charlie Jones,IOWA,2021,35,6,3,0.5,Bengals,2023,2,9,0,0,,7,64,0
55038,Charlie Jones,IOWA,2021,35,6,3,0.5,Bengals,2024,3,1,0,0,,1,5,0
55038,Charlie Jones,IOWA,2021,35,6,3,0.5,Bengals,2025,4,1,0,0,,0,0,0
55038,Charlie Jones,PURDUE,2022,151,43,20,0.4651162790697674,Bengals,2023,1,9,0,0,,7,64,0
55038,Charlie Jones,PURDUE,2022,151,43,20,0.4651162790697674,Bengals,2024,2,1,0,0,,1,5,0
55038,Charlie Jones,PURDUE,2022,151,43,20,0.4651162790697674,Bengals,2025,3,1,0,0,,0,0,0
61107,Tyrell Shavers,S DIEGO ST,2021,46,10,1,0.1,Bills,2024,3,1,0,0,,1,69,1
61107,Tyrell Shavers,S DIEGO ST,2021,46,10,1,0.1,Bills,2025,4,23,3,1,0.3333333333333333,15,245,1
61107,Tyrell Shavers,S DIEGO ST,2022,58,6,3,0.5,Bills,2024,2,1,0,0,,1,69,1
61107,Tyrell Shavers,S DIEGO ST,2022,58,6,3,0.5,Bills,2025,3,23,3,1,0.3333333333333333,15,245,1
61295,Dennis Houston,W ILLINOIS,2021,142,24,11,0.4583333333333333,Cowboys,2022,1,7,3,2,0.6666666666666666,2,16,0
61359,Josh Ali,KENTUCKY,2021,61,8,0,0.0,Falcons,2022,1,1,0,0,,0,0,0
61418,Calvin Austin III,MEMPHIS,2021,130,28,7,0.25,Steelers,2023,2,33,8,3,0.375,17,180,1
61418,Calvin Austin III,MEMPHIS,2021,130,28,7,0.25,Steelers,2024,3,60,12,6,0.5,37,556,4
61418,Calvin Austin III,MEMPHIS,2021,130,28,7,0.25,Steelers,2025,4,57,9,4,0.4444444444444444,31,372,3
61457,Braylon Sanders,OLE MISS,2021,55,13,2,0.1538461538461538,Dolphins,2022,1,3,0,0,,2,17,0
61478,Lance McCutcheon,MONTANA ST,2021,93,17,8,0.4705882352941176,Rams,2022,1,4,2,0,0.0,0,0,0
61501,Elijah Cooks,NEVADA,2021,24,9,3,0.3333333333333333,Jaguars,2023,2,4,0,0,,3,38,0
61501,Elijah Cooks,NEVADA,2021,24,9,3,0.3333333333333333,Jaguars,2024,3,0,0,0,,0,0,0
61501,Elijah Cooks,S JOSE ST,2022,111,42,19,0.4523809523809524,Jaguars,2023,1,4,0,0,,3,38,0
61501,Elijah Cooks,S JOSE ST,2022,111,42,19,0.4523809523809524,Jaguars,2024,2,0,0,0,,0,0,0
61544,Kyric McGowan,GA TECH,2021,70,13,4,0.3076923076923077,Commanders,2022,1,0,0,0,,0,0,0
61588,Johnny Johnson III,OREGON,2021,37,11,4,0.3636363636363636,Texans,2022,1,0,0,0,,0,0,0
61588,Johnny Johnson III,OREGON,2021,37,11,4,0.3636363636363636,Texans,2023,2,0,0,0,,0,0,0
61610,Bo Melton,RUTGERS,2021,98,17,4,0.2352941176470588,Packers,2023,2,24,5,3,0.6,17,224,1
61610,Bo Melton,RUTGERS,2021,98,17,4,0.2352941176470588,Packers,2024,3,18,5,4,0.8,8,91,0
61610,Bo Melton,RUTGERS,2021,98,17,4,0.2352941176470588,Packers,2025,4,11,3,1,0.3333333333333333,4,107,1
61637,Jalen Tolbert,S ALABAMA,2021,138,31,12,0.3870967741935484,Cowboys,2022,1,3,1,1,1.0,2,12,0
61637,Jalen Tolbert,S ALABAMA,2021,138,31,12,0.3870967741935484,Cowboys,2023,2,37,8,4,0.5,22,268,2
61637,Jalen Tolbert,S ALABAMA,2021,138,31,12,0.3870967741935484,Cowboys,2024,3,79,24,12,0.5,51,647,7
61637,Jalen Tolbert,S ALABAMA,2021,138,31,12,0.3870967741935484,Cowboys,2025,4,35,10,4,0.4,20,216,1
61811,Tay Martin,OKLA STATE,2021,100,20,9,0.45,49ers,2022,1,0,0,0,,0,0,0
61811,Tay Martin,OKLA STATE,2021,100,20,9,0.45,49ers,2023,2,0,0,0,,0,0,0
61811,Tay Martin,OKLA STATE,2021,100,20,9,0.45,Titans,2024,3,2,1,0,0.0,1,49,1
61811,Tay Martin,OKLA STATE,2021,100,20,9,0.45,Commanders,2025,4,2,0,0,,2,23,0
63707,Rashid Shaheed,WEBER ST,2021,75,12,5,0.4166666666666667,Saints,2022,1,34,1,0,0.0,28,488,2
63707,Rashid Shaheed,WEBER ST,2021,75,12,5,0.4166666666666667,Saints,2023,2,71,9,5,0.5555555555555556,46,719,5
63707,Rashid Shaheed,WEBER ST,2021,75,12,5,0.4166666666666667,Saints,2024,3,41,7,0,0.0,20,349,3
63707,Rashid Shaheed,WEBER ST,2021,75,12,5,0.4166666666666667,Seahawks,2025,4,91,14,6,0.4285714285714285,59,687,2
63721,Colton Dowell,TENN MARTN,2021,42,9,5,0.5555555555555556,Titans,2023,2,2,0,0,,1,3,0
63721,Colton Dowell,TENN MARTN,2022,99,19,12,0.631578947368421,Titans,2023,1,2,0,0,,1,3,0
64309,Daylen Baldwin,MICHIGAN,2021,32,6,0,0.0,Browns,2022,1,2,1,1,1.0,2,25,0
64310,Montrell Washington,SAMFORD,2021,85,10,5,0.5,Broncos,2022,1,10,3,0,0.0,4,2,0
64310,Montrell Washington,SAMFORD,2021,85,10,5,0.5,Chiefs,2024,3,0,0,0,,0,0,0
66272,Malachi Corley,W KENTUCKY,2021,97,12,3,0.25,Jets,2024,3,6,2,2,1.0,3,16,0
66272,Malachi Corley,W KENTUCKY,2021,97,12,3,0.25,Browns,2025,4,13,1,1,1.0,11,79,0
66272,Malachi Corley,W KENTUCKY,2022,129,18,7,0.3888888888888889,Jets,2024,2,6,2,2,1.0,3,16,0
66272,Malachi Corley,W KENTUCKY,2022,129,18,7,0.3888888888888889,Browns,2025,3,13,1,1,1.0,11,79,0
66272,Malachi Corley,W KENTUCKY,2023,120,19,4,0.2105263157894736,Jets,2024,1,6,2,2,1.0,3,16,0
66272,Malachi Corley,W KENTUCKY,2023,120,19,4,0.2105263157894736,Browns,2025,2,13,1,1,1.0,11,79,0
66581,Christian Watson,N DAK ST,2021,65,7,4,0.5714285714285714,Packers,2022,1,67,13,9,0.6923076923076923,41,611,7
66581,Christian Watson,N DAK ST,2021,65,7,4,0.5714285714285714,Packers,2023,2,55,19,6,0.3157894736842105,28,422,5
66581,Christian Watson,N DAK ST,2021,65,7,4,0.5714285714285714,Packers,2024,3,55,17,10,0.5882352941176471,30,622,2
66581,Christian Watson,N DAK ST,2021,65,7,4,0.5714285714285714,Packers,2025,4,56,21,11,0.5238095238095238,36,633,6
73774,Rome Odunze,WASHINGTON,2021,71,7,1,0.1428571428571428,Bears,2024,3,102,19,13,0.6842105263157895,57,757,3
73774,Rome Odunze,WASHINGTON,2021,71,7,1,0.1428571428571428,Bears,2025,4,95,20,7,0.35,46,677,6
73774,Rome Odunze,WASHINGTON,2022,109,15,3,0.2,Bears,2024,2,102,19,13,0.6842105263157895,57,757,3
73774,Rome Odunze,WASHINGTON,2022,109,15,3,0.2,Bears,2025,3,95,20,7,0.35,46,677,6
73774,Rome Odunze,WASHINGTON,2023,125,26,17,0.6538461538461539,Bears,2024,1,102,19,13,0.6842105263157895,57,757,3
73774,Rome Odunze,WASHINGTON,2023,125,26,17,0.6538461538461539,Bears,2025,2,95,20,7,0.35,46,677,6
76366,Johnny Wilson,ARIZONA ST,2021,23,3,1,0.3333333333333333,Eagles,2024,3,17,6,1,0.1666666666666666,6,47,1
76366,Johnny Wilson,FLORIDA ST,2022,75,25,11,0.44,Eagles,2024,2,17,6,1,0.1666666666666666,6,47,1
76366,Johnny Wilson,FLORIDA ST,2023,74,26,8,0.3076923076923077,Eagles,2024,1,17,6,1,0.1666666666666666,6,47,1
77975,A.T. Perry,WAKE,2021,105,21,6,0.2857142857142857,Saints,2023,2,20,7,4,0.5714285714285714,12,246,4
77975,A.T. Perry,WAKE,2022,122,27,11,0.4074074074074074,Saints,2023,1,20,7,4,0.5714285714285714,12,246,4
77985,Antoine Green,N CAROLINA,2021,50,9,5,0.5555555555555556,Lions,2023,2,2,1,0,0.0,1,2,0
77985,Antoine Green,N CAROLINA,2022,56,10,5,0.5,Lions,2023,1,2,1,0,0.0,1,2,0
77997,Jake Bobo,DUKE,2021,112,26,12,0.4615384615384615,Seahawks,2023,2,26,7,5,0.7142857142857143,21,205,2
77997,Jake Bobo,DUKE,2021,112,26,12,0.4615384615384615,Seahawks,2024,3,19,3,2,0.6666666666666666,13,107,1
77997,Jake Bobo,DUKE,2021,112,26,12,0.4615384615384615,Seahawks,2025,4,2,0,0,,2,20,0
77997,Jake Bobo,UCLA,2022,82,23,12,0.5217391304347826,Seahawks,2023,1,26,7,5,0.7142857142857143,21,205,2
77997,Jake Bobo,UCLA,2022,82,23,12,0.5217391304347826,Seahawks,2024,2,19,3,2,0.6666666666666666,13,107,1
77997,Jake Bobo,UCLA,2022,82,23,12,0.5217391304347826,Seahawks,2025,3,2,0,0,,2,20,0
78021,Justyn Ross,CLEMSON,2021,78,13,6,0.4615384615384615,Chiefs,2023,2,12,3,1,0.3333333333333333,6,53,0
78021,Justyn Ross,CLEMSON,2021,78,13,6,0.4615384615384615,Chiefs,2024,3,1,0,0,,0,0,0
78038,Alec Pierce,CINCINNATI,2021,76,26,13,0.5,Colts,2022,1,81,31,12,0.3870967741935484,42,596,2
78038,Alec Pierce,CINCINNATI,2021,76,26,13,0.5,Colts,2023,2,69,22,9,0.4090909090909091,33,528,2
78038,Alec Pierce,CINCINNATI,2021,76,26,13,0.5,Colts,2024,3,75,22,10,0.4545454545454545,40,880,7
78038,Alec Pierce,CINCINNATI,2021,76,26,13,0.5,Colts,2025,4,94,36,15,0.4166666666666667,50,1043,6
78092,Tyquan Thornton,BAYLOR,2021,92,15,7,0.4666666666666667,Patriots,2022,1,45,6,1,0.1666666666666666,22,247,2
78092,Tyquan Thornton,BAYLOR,2021,92,15,7,0.4666666666666667,Patriots,2023,2,22,3,1,0.3333333333333333,13,91,0
78092,Tyquan Thornton,BAYLOR,2021,92,15,7,0.4666666666666667,Patriots,2024,3,10,3,1,0.3333333333333333,4,47,0
78092,Tyquan Thornton,BAYLOR,2021,92,15,7,0.4666666666666667,Chiefs,2025,4,38,11,4,0.3636363636363636,19,438,3
78148,Erik Ezukanma,TEXAS TECH,2021,76,17,9,0.5294117647058824,Dolphins,2022,1,1,0,0,,1,3,0
78148,Erik Ezukanma,TEXAS TECH,2021,76,17,9,0.5294117647058824,Dolphins,2023,2,2,0,0,,0,0,0
78148,Erik Ezukanma,TEXAS TECH,2021,76,17,9,0.5294117647058824,Dolphins,2024,3,2,0,0,,0,0,0
78171,Jayden Reed,MICH STATE,2021,99,28,14,0.5,Packers,2023,2,98,14,3,0.2142857142857142,68,799,8
78171,Jayden Reed,MICH STATE,2021,99,28,14,0.5,Packers,2024,3,81,14,8,0.5714285714285714,56,895,6
78171,Jayden Reed,MICH STATE,2021,99,28,14,0.5,Packers,2025,4,23,3,2,0.6666666666666666,20,246,1
78171,Jayden Reed,MICH STATE,2022,98,24,11,0.4583333333333333,Packers,2023,1,98,14,3,0.2142857142857142,68,799,8
78171,Jayden Reed,MICH STATE,2022,98,24,11,0.4583333333333333,Packers,2024,2,81,14,8,0.5714285714285714,56,895,6
78171,Jayden Reed,MICH STATE,2022,98,24,11,0.4583333333333333,Packers,2025,3,23,3,2,0.6666666666666666,20,246,1
78187,Dylan Drummond,E MICHIGAN,2021,98,26,8,0.3076923076923077,Lions,2023,2,0,0,0,,0,0,0
78187,Dylan Drummond,E MICHIGAN,2021,98,26,8,0.3076923076923077,Falcons,2025,4,11,6,2,0.3333333333333333,7,42,0
78187,Dylan Drummond,E MICHIGAN,2022,52,10,2,0.2,Lions,2023,1,0,0,0,,0,0,0
78187,Dylan Drummond,E MICHIGAN,2022,52,10,2,0.2,Falcons,2025,3,11,6,2,0.3333333333333333,7,42,0
78196,Derius Davis,TCU,2021,54,6,3,0.5,Chargers,2023,2,17,0,0,,15,66,0
78196,Derius Davis,TCU,2021,54,6,3,0.5,Chargers,2024,3,16,0,0,,14,125,2
78196,Derius Davis,TCU,2021,54,6,3,0.5,Chargers,2025,4,4,1,1,1.0,3,16,0
78196,Derius Davis,TCU,2022,49,8,2,0.25,Chargers,2023,1,17,0,0,,15,66,0
78196,Derius Davis,TCU,2022,49,8,2,0.25,Chargers,2024,2,16,0,0,,14,125,2
78196,Derius Davis,TCU,2022,49,8,2,0.25,Chargers,2025,3,4,1,1,1.0,3,16,0
78874,Tank Dell,HOUSTON,2021,115,17,6,0.3529411764705882,Texans,2023,2,81,12,7,0.5833333333333334,50,782,7
78874,Tank Dell,HOUSTON,2021,115,17,6,0.3529411764705882,Texans,2024,3,89,19,9,0.4736842105263157,54,709,3
78874,Tank Dell,HOUSTON,2022,147,12,8,0.6666666666666666,Texans,2023,1,81,12,7,0.5833333333333334,50,782,7
78874,Tank Dell,HOUSTON,2022,147,12,8,0.6666666666666666,Texans,2024,2,89,19,9,0.4736842105263157,54,709,3
84117,Michael Woods II,OKLAHOMA,2021,53,8,3,0.375,Browns,2022,1,11,0,0,,6,54,0
84117,Michael Woods II,OKLAHOMA,2021,53,8,3,0.375,Browns,2024,3,23,6,1,0.1666666666666666,9,93,0
84136,Shedrick Jackson,AUBURN,2021,69,22,8,0.3636363636363636,Bengals,2023,2,1,1,0,0.0,0,0,0
84136,Shedrick Jackson,AUBURN,2021,69,22,8,0.3636363636363636,Raiders,2025,4,5,1,0,0.0,4,56,1
84136,Shedrick Jackson,AUBURN,2022,33,3,0,0.0,Bengals,2023,1,1,1,0,0.0,0,0,0
84136,Shedrick Jackson,AUBURN,2022,33,3,0,0.0,Raiders,2025,3,5,1,0,0.0,4,56,1
84140,Khalil Shakir,BOISE ST,2021,119,21,9,0.4285714285714285,Bills,2022,1,19,3,2,0.6666666666666666,11,163,1
84140,Khalil Shakir,BOISE ST,2021,119,21,9,0.4285714285714285,Bills,2023,2,48,4,2,0.5,41,618,2
84140,Khalil Shakir,BOISE ST,2021,119,21,9,0.4285714285714285,Bills,2024,3,101,17,6,0.3529411764705882,77,829,4
84140,Khalil Shakir,BOISE ST,2021,119,21,9,0.4285714285714285,Bills,2025,4,97,16,6,0.375,76,723,4
84150,Nikko Remigio,CAL,2021,55,9,5,0.5555555555555556,Chiefs,2024,3,6,1,0,0.0,2,48,0
84150,Nikko Remigio,CAL,2021,55,9,5,0.5555555555555556,Chiefs,2025,4,1,0,0,,1,21,0
84150,Nikko Remigio,FRESNO ST,2022,82,4,0,0.0,Chiefs,2024,2,6,1,0,0.0,2,48,0
84150,Nikko Remigio,FRESNO ST,2022,82,4,0,0.0,Chiefs,2025,3,1,0,0,,1,21,0
84248,Bryce Oliver,YNGTOWN ST,2021,44,13,7,0.5384615384615384,Titans,2024,3,7,0,0,,6,95,0
84248,Bryce Oliver,YNGTOWN ST,2021,44,13,7,0.5384615384615384,Titans,2025,4,1,0,0,,1,8,0
84248,Bryce Oliver,YNGTOWN ST,2022,110,21,4,0.1904761904761904,Titans,2024,2,7,0,0,,6,95,0
84248,Bryce Oliver,YNGTOWN ST,2022,110,21,4,0.1904761904761904,Titans,2025,3,1,0,0,,1,8,0
84248,Bryce Oliver,YNGTOWN ST,2023,112,19,8,0.4210526315789473,Titans,2024,1,7,0,0,,6,95,0
84248,Bryce Oliver,YNGTOWN ST,2023,112,19,8,0.4210526315789473,Titans,2025,2,1,0,0,,1,8,0
84288,Ronnie Bell,MICHIGAN,2021,2,1,1,1.0,49ers,2023,2,13,7,3,0.4285714285714285,6,68,3
84288,Ronnie Bell,MICHIGAN,2021,2,1,1,1.0,49ers,2024,3,6,2,0,0.0,2,22,0
84288,Ronnie Bell,MICHIGAN,2021,2,1,1,1.0,Saints,2025,4,4,0,0,,2,23,1
84288,Ronnie Bell,MICHIGAN,2022,87,18,3,0.1666666666666666,49ers,2023,1,13,7,3,0.4285714285714285,6,68,3
84288,Ronnie Bell,MICHIGAN,2022,87,18,3,0.1666666666666666,49ers,2024,2,6,2,0,0.0,2,22,0
84288,Ronnie Bell,MICHIGAN,2022,87,18,3,0.1666666666666666,Saints,2025,3,4,0,0,,2,23,1
84292,Jalen Nailor,MICH STATE,2021,62,5,0,0.0,Vikings,2022,1,12,1,1,1.0,9,179,1
84292,Jalen Nailor,MICH STATE,2021,62,5,0,0.0,Vikings,2023,2,6,1,0,0.0,3,29,0
84292,Jalen Nailor,MICH STATE,2021,62,5,0,0.0,Vikings,2024,3,44,5,2,0.4,29,444,6
84292,Jalen Nailor,MICH STATE,2021,62,5,0,0.0,Vikings,2025,4,54,12,9,0.75,32,499,4
84329,Romeo Doubs,NEVADA,2021,119,20,9,0.45,Packers,2022,1,66,15,5,0.3333333333333333,42,425,3
84329,Romeo Doubs,NEVADA,2021,119,20,9,0.45,Packers,2023,2,101,28,14,0.5,60,694,8
84329,Romeo Doubs,NEVADA,2021,119,20,9,0.45,Packers,2024,3,74,18,11,0.6111111111111112,47,603,4
84329,Romeo Doubs,NEVADA,2021,119,20,9,0.45,Packers,2025,4,90,30,12,0.4,57,733,6
84345,Kevin Austin Jr.,NOTRE DAME,2021,77,24,13,0.5416666666666666,Saints,2024,3,22,5,2,0.4,11,151,0
84345,Kevin Austin Jr.,NOTRE DAME,2021,77,24,13,0.5416666666666666,Saints,2025,4,25,3,0,0.0,15,155,1
84355,Chris Olave,OHIO STATE,2021,107,16,10,0.625,Saints,2022,1,123,25,8,0.32,74,1066,4
84355,Chris Olave,OHIO STATE,2021,107,16,10,0.625,Saints,2023,2,142,25,10,0.4,89,1149,5
84355,Chris Olave,OHIO STATE,2021,107,16,10,0.625,Saints,2024,3,48,10,7,0.7,36,457,1
84355,Chris Olave,OHIO STATE,2021,107,16,10,0.625,Saints,2025,4,162,36,16,0.4444444444444444,104,1188,9
84375,Jahan Dotson,PENN STATE,2021,141,15,6,0.4,Commanders,2022,1,60,19,12,0.631578947368421,37,564,7
84375,Jahan Dotson,PENN STATE,2021,141,15,6,0.4,Commanders,2023,2,83,14,4,0.2857142857142857,50,522,4
84375,Jahan Dotson,PENN STATE,2021,141,15,6,0.4,Eagles,2024,3,32,5,1,0.2,20,220,0
84375,Jahan Dotson,PENN STATE,2021,141,15,6,0.4,Eagles,2025,4,34,7,4,0.5714285714285714,19,267,1
84423,Michael Wilson,STANFORD,2021,32,6,3,0.5,Cardinals,2023,2,65,17,8,0.4705882352941176,39,567,3
84423,Michael Wilson,STANFORD,2021,32,6,3,0.5,Cardinals,2024,3,76,19,11,0.5789473684210527,49,585,4
84423,Michael Wilson,STANFORD,2021,32,6,3,0.5,Cardinals,2025,4,135,37,24,0.6486486486486487,85,1126,7
84423,Michael Wilson,STANFORD,2022,42,10,5,0.5,Cardinals,2023,1,65,17,8,0.4705882352941176,39,567,3
84423,Michael Wilson,STANFORD,2022,42,10,5,0.5,Cardinals,2024,2,76,19,11,0.5789473684210527,49,585,4
84423,Michael Wilson,STANFORD,2022,42,10,5,0.5,Cardinals,2025,3,135,37,24,0.6486486486486487,85,1126,7
84425,Brycen Tremayne,STANFORD,2021,32,11,7,0.6363636363636364,Commanders,2024,3,1,0,0,,1,-2,0
84425,Brycen Tremayne,STANFORD,2021,32,11,7,0.6363636363636364,Panthers,2025,4,18,2,1,0.5,14,160,0
84425,Brycen Tremayne,STANFORD,2022,75,24,10,0.4166666666666667,Commanders,2024,2,1,0,0,,1,-2,0
84425,Brycen Tremayne,STANFORD,2022,75,24,10,0.4166666666666667,Panthers,2025,3,18,2,1,0.5,14,160,0
84434,Cedric Tillman,TENNESSEE,2021,81,16,11,0.6875,Browns,2023,2,44,7,2,0.2857142857142857,21,224,0
84434,Cedric Tillman,TENNESSEE,2021,81,16,11,0.6875,Browns,2024,3,49,8,5,0.625,31,360,3
84434,Cedric Tillman,TENNESSEE,2021,81,16,11,0.6875,Browns,2025,4,44,8,3,0.375,22,306,2
84434,Cedric Tillman,TENNESSEE,2022,68,18,6,0.3333333333333333,Browns,2023,1,44,7,2,0.2857142857142857,21,224,0
84434,Cedric Tillman,TENNESSEE,2022,68,18,6,0.3333333333333333,Browns,2024,2,49,8,5,0.625,31,360,3
84434,Cedric Tillman,TENNESSEE,2022,68,18,6,0.3333333333333333,Browns,2025,3,44,8,3,0.375,22,306,2
84463,Kyle Philips,UCLA,2021,97,11,3,0.2727272727272727,Titans,2022,1,14,3,2,0.6666666666666666,8,78,0
84463,Kyle Philips,UCLA,2021,97,11,3,0.2727272727272727,Titans,2023,2,23,1,0,0.0,15,181,0
84480,Deven Thompkins,UTAH ST,2021,150,38,13,0.3421052631578947,Buccaneers,2022,1,10,2,0,0.0,5,32,0
84480,Deven Thompkins,UTAH ST,2021,150,38,13,0.3421052631578947,Buccaneers,2023,2,26,4,0,0.0,18,87,1
84480,Deven Thompkins,UTAH ST,2021,150,38,13,0.3421052631578947,Panthers,2024,3,4,0,0,,4,20,0
84480,Deven Thompkins,UTAH ST,2021,150,38,13,0.3421052631578947,Falcons,2025,4,3,0,0,,3,27,0
86519,Drake London,USC,2021,124,29,17,0.5862068965517241,Falcons,2022,1,121,28,15,0.5357142857142857,75,905,4
86519,Drake London,USC,2021,124,29,17,0.5862068965517241,Falcons,2023,2,112,38,18,0.4736842105263157,71,908,2
86519,Drake London,USC,2021,124,29,17,0.5862068965517241,Falcons,2024,3,158,42,22,0.5238095238095238,102,1312,9
86519,Drake London,USC,2021,124,29,17,0.5862068965517241,Falcons,2025,4,108,31,13,0.4193548387096774,69,921,7
97078,Anthony Gould,OREGON ST,2021,14,3,2,0.6666666666666666,Colts,2024,3,1,0,0,,1,23,0
97078,Anthony Gould,OREGON ST,2021,14,3,2,0.6666666666666666,Colts,2025,4,2,0,0,,2,6,0
97078,Anthony Gould,OREGON ST,2022,47,6,3,0.5,Colts,2024,2,1,0,0,,1,23,0
97078,Anthony Gould,OREGON ST,2022,47,6,3,0.5,Colts,2025,3,2,0,0,,2,6,0
97078,Anthony Gould,OREGON ST,2023,73,9,4,0.4444444444444444,Colts,2024,1,1,0,0,,1,23,0
97078,Anthony Gould,OREGON ST,2023,73,9,4,0.4444444444444444,Colts,2025,2,2,0,0,,2,6,0
97108,Malik Washington,NWESTERN,2021,65,13,9,0.6923076923076923,Dolphins,2024,3,37,7,3,0.4285714285714285,26,223,0
97108,Malik Washington,NWESTERN,2021,65,13,9,0.6923076923076923,Dolphins,2025,4,66,9,5,0.5555555555555556,50,382,3
97108,Malik Washington,NWESTERN,2022,103,25,10,0.4,Dolphins,2024,2,37,7,3,0.4285714285714285,26,223,0
97108,Malik Washington,NWESTERN,2022,103,25,10,0.4,Dolphins,2025,3,66,9,5,0.5555555555555556,50,382,3
97108,Malik Washington,VIRGINIA,2023,144,19,12,0.631578947368421,Dolphins,2024,1,37,7,3,0.4285714285714285,26,223,0
97108,Malik Washington,VIRGINIA,2023,144,19,12,0.631578947368421,Dolphins,2025,2,66,9,5,0.5555555555555556,50,382,3
97116,Skyy Moore,W MICHIGAN,2021,121,14,9,0.6428571428571429,Chiefs,2022,1,34,3,1,0.3333333333333333,22,250,0
97116,Skyy Moore,W MICHIGAN,2021,121,14,9,0.6428571428571429,Chiefs,2023,2,40,5,1,0.2,23,274,1
97116,Skyy Moore,W MICHIGAN,2021,121,14,9,0.6428571428571429,Chiefs,2024,3,2,0,0,,0,0,0
97116,Skyy Moore,W MICHIGAN,2021,121,14,9,0.6428571428571429,49ers,2025,4,7,1,1,1.0,5,87,0
97156,Isaiah Williams,ILLINOIS,2021,76,12,4,0.3333333333333333,Bengals,2024,3,3,0,0,,2,6,0
97156,Isaiah Williams,ILLINOIS,2021,76,12,4,0.3333333333333333,Jets,2025,4,36,3,1,0.3333333333333333,26,193,0
97156,Isaiah Williams,ILLINOIS,2022,95,7,4,0.5714285714285714,Bengals,2024,2,3,0,0,,2,6,0
97156,Isaiah Williams,ILLINOIS,2022,95,7,4,0.5714285714285714,Jets,2025,3,36,3,1,0.3333333333333333,26,193,0
97156,Isaiah Williams,ILLINOIS,2023,131,15,3,0.2,Bengals,2024,1,3,0,0,,2,6,0
97156,Isaiah Williams,ILLINOIS,2023,131,15,3,0.2,Jets,2025,2,36,3,1,0.3333333333333333,26,193,0
97268,Zay Flowers,BOSTON COL,2021,85,14,5,0.3571428571428571,Ravens,2023,2,108,11,5,0.4545454545454545,79,862,5
97268,Zay Flowers,BOSTON COL,2021,85,14,5,0.3571428571428571,Ravens,2024,3,121,16,8,0.5,79,1094,4
97268,Zay Flowers,BOSTON COL,2021,85,14,5,0.3571428571428571,Ravens,2025,4,123,15,8,0.5333333333333333,88,1256,5
97268,Zay Flowers,BOSTON COL,2022,127,12,7,0.5833333333333334,Ravens,2023,1,108,11,5,0.4545454545454545,79,862,5
97268,Zay Flowers,BOSTON COL,2022,127,12,7,0.5833333333333334,Ravens,2024,2,121,16,8,0.5,79,1094,4
97268,Zay Flowers,BOSTON COL,2022,127,12,7,0.5833333333333334,Ravens,2025,3,123,15,8,0.5333333333333333,88,1256,5
97273,Jalen Moreno-Cropper,FRESNO ST,2021,112,13,4,0.3076923076923077,Cowboys,2024,3,0,0,0,,0,0,0
97273,Jalen Moreno-Cropper,FRESNO ST,2021,112,13,4,0.3076923076923077,Cowboys,2025,4,0,0,0,,0,0,0
97273,Jalen Moreno-Cropper,FRESNO ST,2022,111,16,3,0.1875,Cowboys,2024,2,0,0,0,,0,0,0
97273,Jalen Moreno-Cropper,FRESNO ST,2022,111,16,3,0.1875,Cowboys,2025,3,0,0,0,,0,0,0
97288,Tahj Washington,USC,2021,101,20,5,0.25,Dolphins,2025,4,6,2,1,0.5,3,37,0
97288,Tahj Washington,USC,2022,57,5,3,0.6,Dolphins,2025,3,6,2,1,0.5,3,37,0
97288,Tahj Washington,USC,2023,72,11,6,0.5454545454545454,Dolphins,2025,2,6,2,1,0.5,3,37,0
97399,Jamari Thrash,GA STATE,2021,53,6,3,0.5,Browns,2024,3,6,1,0,0.0,3,22,0
97399,Jamari Thrash,GA STATE,2021,53,6,3,0.5,Browns,2025,4,14,1,0,0.0,10,107,0
97399,Jamari Thrash,GA STATE,2022,108,15,6,0.4,Browns,2024,2,6,1,0,0.0,3,22,0
97399,Jamari Thrash,GA STATE,2022,108,15,6,0.4,Browns,2025,3,14,1,0,0.0,10,107,0
97399,Jamari Thrash,LOUISVILLE,2023,95,17,3,0.1764705882352941,Browns,2024,1,6,1,0,0.0,3,22,0
97399,Jamari Thrash,LOUISVILLE,2023,95,17,3,0.1764705882352941,Browns,2025,2,14,1,0,0.0,10,107,0
97400,John Metchie III,ALABAMA,2021,127,17,9,0.5294117647058824,Texans,2023,2,31,3,0,0.0,17,159,0
97400,John Metchie III,ALABAMA,2021,127,17,9,0.5294117647058824,Texans,2024,3,37,11,6,0.5454545454545454,24,254,1
97400,John Metchie III,ALABAMA,2021,127,17,9,0.5294117647058824,Jets,2025,4,48,8,3,0.375,33,274,2
97405,Garrett Wilson,OHIO STATE,2021,107,14,8,0.5714285714285714,Jets,2022,1,145,39,14,0.358974358974359,85,1121,4
97405,Garrett Wilson,OHIO STATE,2021,107,14,8,0.5714285714285714,Jets,2023,2,175,42,11,0.2619047619047619,96,1067,3
97405,Garrett Wilson,OHIO STATE,2021,107,14,8,0.5714285714285714,Jets,2024,3,162,32,16,0.5,103,1112,7
97405,Garrett Wilson,OHIO STATE,2021,107,14,8,0.5714285714285714,Jets,2025,4,60,13,5,0.3846153846153846,39,422,4
97605,Rashee Rice,SMU,2021,84,9,4,0.4444444444444444,Chiefs,2023,2,102,6,1,0.1666666666666666,80,942,7
97605,Rashee Rice,SMU,2021,84,9,4,0.4444444444444444,Chiefs,2024,3,31,1,0,0.0,25,309,2
97605,Rashee Rice,SMU,2021,84,9,4,0.4444444444444444,Chiefs,2025,4,80,17,4,0.2352941176470588,55,573,5
97605,Rashee Rice,SMU,2022,173,41,16,0.3902439024390244,Chiefs,2023,1,102,6,1,0.1666666666666666,80,942,7
97605,Rashee Rice,SMU,2022,173,41,16,0.3902439024390244,Chiefs,2024,2,31,1,0,0.0,25,309,2
97605,Rashee Rice,SMU,2022,173,41,16,0.3902439024390244,Chiefs,2025,3,80,17,4,0.2352941176470588,55,573,5
97623,Jordan Whittington,TEXAS,2021,39,5,4,0.8,Rams,2024,3,28,3,1,0.3333333333333333,22,293,0
97623,Jordan Whittington,TEXAS,2021,39,5,4,0.8,Rams,2025,4,25,1,0,0.0,20,207,0
97623,Jordan Whittington,TEXAS,2022,69,8,3,0.375,Rams,2024,2,28,3,1,0.3333333333333333,22,293,0
97623,Jordan Whittington,TEXAS,2022,69,8,3,0.375,Rams,2025,3,25,1,0,0.0,20,207,0
97623,Jordan Whittington,TEXAS,2023,49,1,0,0.0,Rams,2024,1,28,3,1,0.3333333333333333,22,293,0
97623,Jordan Whittington,TEXAS,2023,49,1,0,0.0,Rams,2025,2,25,1,0,0.0,20,207,0
97774,Jonathan Mingo,OLE MISS,2021,35,6,3,0.5,Panthers,2023,2,86,11,4,0.3636363636363636,44,423,0
97774,Jonathan Mingo,OLE MISS,2021,35,6,3,0.5,Cowboys,2024,3,46,13,2,0.1538461538461538,17,167,0
97774,Jonathan Mingo,OLE MISS,2021,35,6,3,0.5,Cowboys,2025,4,5,1,0,0.0,1,25,0
97774,Jonathan Mingo,OLE MISS,2022,87,16,7,0.4375,Panthers,2023,1,86,11,4,0.3636363636363636,44,423,0
97774,Jonathan Mingo,OLE MISS,2022,87,16,7,0.4375,Cowboys,2024,2,46,13,2,0.1538461538461538,17,167,0
97774,Jonathan Mingo,OLE MISS,2022,87,16,7,0.4375,Cowboys,2025,3,5,1,0,0.0,1,25,0
97989,David Bell,PURDUE,2021,137,28,11,0.3928571428571428,Browns,2022,1,33,9,4,0.4444444444444444,25,224,0
97989,David Bell,PURDUE,2021,137,28,11,0.3928571428571428,Browns,2023,2,21,3,2,0.6666666666666666,14,167,3
97989,David Bell,PURDUE,2021,137,28,11,0.3928571428571428,Browns,2024,3,3,1,1,1.0,3,27,0
98005,Theo Wease Jr.,OKLAHOMA,2022,33,9,5,0.5555555555555556,Dolphins,2025,3,10,3,1,0.3333333333333333,6,139,1
98005,Theo Wease Jr.,MISSOURI,2023,79,24,14,0.5833333333333334,Dolphins,2025,2,10,3,1,0.3333333333333333,6,139,1
98095,Joshua Cephus,UTSA,2021,87,15,5,0.3333333333333333,Jaguars,2024,3,0,0,0,,0,0,0
98095,Joshua Cephus,UTSA,2022,102,17,9,0.5294117647058824,Jaguars,2024,2,0,0,0,,0,0,0
98095,Joshua Cephus,UTSA,2023,121,22,6,0.2727272727272727,Jaguars,2024,1,0,0,0,,0,0,0
98847,Jerrod Means,LA TECH,2021,41,10,4,0.4,Saints,2024,3,15,4,2,0.5,9,118,1
98847,Bub Means,PITTSBURGH,2022,39,6,2,0.3333333333333333,Saints,2024,2,15,4,2,0.5,9,118,1
98847,Bub Means,PITTSBURGH,2023,85,23,11,0.4782608695652174,Saints,2024,1,15,4,2,0.5,9,118,1
99197,Xavier Legette,S CAROLINA,2021,13,2,2,1.0,Panthers,2024,3,86,23,12,0.5217391304347826,49,497,4
99197,Xavier Legette,S CAROLINA,2021,13,2,2,1.0,Panthers,2025,4,63,14,6,0.4285714285714285,35,363,3
99197,Xavier Legette,S CAROLINA,2022,16,1,0,0.0,Panthers,2024,2,86,23,12,0.5217391304347826,49,497,4
99197,Xavier Legette,S CAROLINA,2022,16,1,0,0.0,Panthers,2025,3,63,14,6,0.4285714285714285,35,363,3
99197,Xavier Legette,S CAROLINA,2023,100,22,10,0.4545454545454545,Panthers,2024,1,86,23,12,0.5217391304347826,49,497,4
99197,Xavier Legette,S CAROLINA,2023,100,22,10,0.4545454545454545,Panthers,2025,2,63,14,6,0.4285714285714285,35,363,3
99204,Ramel Keyton,TENNESSEE,2021,18,4,0,0.0,Raiders,2024,3,3,1,1,1.0,1,7,0
99204,Ramel Keyton,TENNESSEE,2022,52,11,3,0.2727272727272727,Raiders,2024,2,3,1,1,1.0,1,7,0
99204,Ramel Keyton,TENNESSEE,2023,60,9,3,0.3333333333333333,Raiders,2024,1,3,1,1,1.0,1,7,0
99207,Ainias Smith,TEXAS A&M,2021,83,12,6,0.5,Eagles,2024,3,10,1,0,0.0,8,39,1
99207,Ainias Smith,TEXAS A&M,2022,25,4,1,0.25,Eagles,2024,2,10,1,0,0.0,8,39,1
99207,Ainias Smith,TEXAS A&M,2023,82,9,5,0.5555555555555556,Eagles,2024,1,10,1,0,0.0,8,39,1
99218,Treylon Burks,ARKANSAS,2021,98,21,7,0.3333333333333333,Titans,2022,1,56,12,7,0.5833333333333334,34,464,2
99218,Treylon Burks,ARKANSAS,2021,98,21,7,0.3333333333333333,Titans,2023,2,35,10,2,0.2,18,225,0
99218,Treylon Burks,ARKANSAS,2021,98,21,7,0.3333333333333333,Titans,2024,3,9,2,0,0.0,4,34,0
99218,Treylon Burks,ARKANSAS,2021,98,21,7,0.3333333333333333,Commanders,2025,4,25,7,3,0.4285714285714285,11,146,1
99229,George Pickens,GEORGIA,2021,1,0,0,,Steelers,2022,1,96,32,20,0.625,56,851,4
99229,George Pickens,GEORGIA,2021,1,0,0,,Steelers,2023,2,109,22,7,0.3181818181818182,65,1178,5
99229,George Pickens,GEORGIA,2021,1,0,0,,Steelers,2024,3,109,30,12,0.4,64,1022,3
99229,George Pickens,GEORGIA,2021,1,0,0,,Cowboys,2025,4,145,45,24,0.5333333333333333,98,1477,9
99248,Trey Palmer,LSU,2021,50,8,6,0.75,Buccaneers,2023,2,69,19,6,0.3157894736842105,40,399,3
99248,Trey Palmer,LSU,2021,50,8,6,0.75,Buccaneers,2024,3,23,4,1,0.25,12,172,1
99248,Trey Palmer,NEBRASKA,2022,115,25,7,0.28,Buccaneers,2023,1,69,19,6,0.3157894736842105,40,399,3
99248,Trey Palmer,NEBRASKA,2022,115,25,7,0.28,Buccaneers,2024,2,23,4,1,0.25,12,172,1
99691,Jared Wayne,PITTSBURGH,2021,61,13,4,0.3076923076923077,Texans,2024,3,0,0,0,,0,0,0
99691,Jared Wayne,PITTSBURGH,2021,61,13,4,0.3076923076923077,Texans,2025,4,2,0,0,,2,20,0
99691,Jared Wayne,PITTSBURGH,2022,89,21,13,0.6190476190476191,Texans,2024,2,0,0,0,,0,0,0
99691,Jared Wayne,PITTSBURGH,2022,89,21,13,0.6190476190476191,Texans,2025,3,2,0,0,,2,20,0
99711,Dontayvion Wicks,VIRGINIA,2021,101,32,15,0.46875,Packers,2023,2,62,8,3,0.375,39,580,4
99711,Dontayvion Wicks,VIRGINIA,2021,101,32,15,0.46875,Packers,2024,3,76,14,3,0.2142857142857142,39,415,5
99711,Dontayvion Wicks,VIRGINIA,2021,101,32,15,0.46875,Packers,2025,4,45,11,7,0.6363636363636364,31,344,2
99711,Dontayvion Wicks,VIRGINIA,2022,78,16,4,0.25,Packers,2023,1,62,8,3,0.375,39,580,4
99711,Dontayvion Wicks,VIRGINIA,2022,78,16,4,0.25,Packers,2024,2,76,14,3,0.2142857142857142,39,415,5
99711,Dontayvion Wicks,VIRGINIA,2022,78,16,4,0.25,Packers,2025,3,45,11,7,0.6363636363636364,31,344,2
100632,Puka Nacua,BYU,2021,62,18,11,0.6111111111111112,Rams,2023,2,164,26,12,0.4615384615384615,110,1557,6
100632,Puka Nacua,BYU,2021,62,18,11,0.6111111111111112,Rams,2024,3,111,21,6,0.2857142857142857,80,1000,3
100632,Puka Nacua,BYU,2021,62,18,11,0.6111111111111112,Rams,2025,4,166,44,31,0.7045454545454546,133,1831,10
100632,Puka Nacua,BYU,2022,71,12,5,0.4166666666666667,Rams,2023,1,164,26,12,0.4615384615384615,110,1557,6
100632,Puka Nacua,BYU,2022,71,12,5,0.4166666666666667,Rams,2024,2,111,21,6,0.2857142857142857,80,1000,3
100632,Puka Nacua,BYU,2022,71,12,5,0.4166666666666667,Rams,2025,3,166,44,31,0.7045454545454546,133,1831,10
100637,Devaughn Vele,UTAH,2021,42,13,4,0.3076923076923077,Broncos,2024,3,57,15,9,0.6,43,502,3
100637,Devaughn Vele,UTAH,2021,42,13,4,0.3076923076923077,Saints,2025,4,42,13,10,0.7692307692307693,27,321,2
100637,Devaughn Vele,UTAH,2022,87,21,9,0.4285714285714285,Broncos,2024,2,57,15,9,0.6,43,502,3
100637,Devaughn Vele,UTAH,2022,87,21,9,0.4285714285714285,Saints,2025,3,42,13,10,0.7692307692307693,27,321,2
100637,Devaughn Vele,UTAH,2023,76,15,6,0.4,Broncos,2024,1,57,15,9,0.6,43,502,3
100637,Devaughn Vele,UTAH,2023,76,15,6,0.4,Saints,2025,2,42,13,10,0.7692307692307693,27,321,2
100660,Ricky Pearsall,ARIZONA ST,2021,61,7,3,0.4285714285714285,49ers,2024,3,47,10,5,0.5,32,406,3
100660,Ricky Pearsall,ARIZONA ST,2021,61,7,3,0.4285714285714285,49ers,2025,4,59,12,9,0.75,36,528,0
100660,Ricky Pearsall,FLORIDA,2022,57,11,2,0.1818181818181818,49ers,2024,2,47,10,5,0.5,32,406,3
100660,Ricky Pearsall,FLORIDA,2022,57,11,2,0.1818181818181818,49ers,2025,3,59,12,9,0.75,36,528,0
100660,Ricky Pearsall,FLORIDA,2023,93,11,5,0.4545454545454545,49ers,2024,1,47,10,5,0.5,32,406,3
100660,Ricky Pearsall,FLORIDA,2023,93,11,5,0.4545454545454545,49ers,2025,2,59,12,9,0.75,36,528,0
100894,Jacob Cowing,UTEP,2021,112,31,11,0.3548387096774194,49ers,2024,3,7,1,0,0.0,5,82,0
100894,Jacob Cowing,ARIZONA,2022,127,10,5,0.5,49ers,2024,2,7,1,0,0.0,5,82,0
100894,Jacob Cowing,ARIZONA,2023,115,14,4,0.2857142857142857,49ers,2024,1,7,1,0,0.0,5,82,0
101106,Tre Tucker,CINCINNATI,2021,42,8,6,0.75,Raiders,2023,2,36,3,1,0.3333333333333333,19,331,2
101106,Tre Tucker,CINCINNATI,2021,42,8,6,0.75,Raiders,2024,3,85,16,8,0.5,50,586,3
101106,Tre Tucker,CINCINNATI,2021,42,8,6,0.75,Raiders,2025,4,97,15,5,0.3333333333333333,59,746,5
101106,Tre Tucker,CINCINNATI,2022,81,11,4,0.3636363636363636,Raiders,2023,1,36,3,1,0.3333333333333333,19,331,2
101106,Tre Tucker,CINCINNATI,2022,81,11,4,0.3636363636363636,Raiders,2024,2,85,16,8,0.5,50,586,3
101106,Tre Tucker,CINCINNATI,2022,81,11,4,0.3636363636363636,Raiders,2025,3,97,15,5,0.3333333333333333,59,746,5
101130,Xavier Weaver,USF,2021,92,20,8,0.4,Cardinals,2024,3,3,2,0,0.0,0,0,0
101130,Xavier Weaver,USF,2021,92,20,8,0.4,Cardinals,2025,4,14,3,1,0.3333333333333333,8,74,0
101130,Xavier Weaver,USF,2022,96,12,5,0.4166666666666667,Cardinals,2024,2,3,2,0,0.0,0,0,0
101130,Xavier Weaver,USF,2022,96,12,5,0.4166666666666667,Cardinals,2025,3,14,3,1,0.3333333333333333,8,74,0
101130,Xavier Weaver,COLORADO,2023,106,13,3,0.2307692307692307,Cardinals,2024,1,3,2,0,0.0,0,0,0
101130,Xavier Weaver,COLORADO,2023,106,13,3,0.2307692307692307,Cardinals,2025,2,14,3,1,0.3333333333333333,8,74,0
101135,Jha'Quan Jackson,TULANE,2021,26,3,1,0.3333333333333333,Titans,2024,3,4,0,0,,2,27,0
101135,Jha'Quan Jackson,TULANE,2022,36,5,2,0.4,Titans,2024,2,4,0,0,,2,27,0
101135,Jha'Quan Jackson,TULANE,2023,41,8,3,0.375,Titans,2024,1,4,0,0,,2,27,0
101634,Luke McCaffrey,RICE,2022,84,25,14,0.56,Commanders,2024,2,28,5,2,0.4,18,168,0
101634,Luke McCaffrey,RICE,2022,84,25,14,0.56,Commanders,2025,3,18,2,2,1.0,14,230,3
101634,Luke McCaffrey,RICE,2023,116,29,17,0.5862068965517241,Commanders,2024,1,28,5,2,0.4,18,168,0
101634,Luke McCaffrey,RICE,2023,116,29,17,0.5862068965517241,Commanders,2025,2,18,2,2,1.0,14,230,3
101701,Jameson Williams,ALABAMA,2021,95,8,3,0.375,Lions,2022,1,9,0,0,,2,107,1
101701,Jameson Williams,ALABAMA,2021,95,8,3,0.375,Lions,2023,2,44,7,4,0.5714285714285714,25,364,2
101701,Jameson Williams,ALABAMA,2021,95,8,3,0.375,Lions,2024,3,92,14,6,0.4285714285714285,61,1026,7
101701,Jameson Williams,ALABAMA,2021,95,8,3,0.375,Lions,2025,4,102,11,6,0.5454545454545454,67,1167,7
101710,Casey Washington,ILLINOIS,2021,55,22,6,0.2727272727272727,Falcons,2024,3,2,1,0,0.0,1,14,0
101710,Casey Washington,ILLINOIS,2021,55,22,6,0.2727272727272727,Falcons,2025,4,14,4,1,0.25,6,94,0
101710,Casey Washington,ILLINOIS,2022,41,8,6,0.75,Falcons,2024,2,2,1,0,0.0,1,14,0
101710,Casey Washington,ILLINOIS,2022,41,8,6,0.75,Falcons,2025,3,14,4,1,0.25,6,94,0
101710,Casey Washington,ILLINOIS,2023,85,26,14,0.5384615384615384,Falcons,2024,1,2,1,0,0.0,1,14,0
101710,Casey Washington,ILLINOIS,2023,85,26,14,0.5384615384615384,Falcons,2025,2,14,4,1,0.25,6,94,0
101711,Dalevon Campbell,ILLINOIS,2021,7,5,1,0.2,Panthers,2025,4,0,0,0,,0,0,0
101711,Dalevon Campbell,NEVADA,2022,81,23,6,0.2608695652173913,Panthers,2025,3,0,0,0,,0,0,0
101711,Dalevon Campbell,NEVADA,2023,68,20,6,0.3,Panthers,2025,2,0,0,0,,0,0,0
101735,Wan'Dale Robinson,KENTUCKY,2021,135,18,8,0.4444444444444444,Giants,2022,1,32,8,4,0.5,23,227,1
101735,Wan'Dale Robinson,KENTUCKY,2021,135,18,8,0.4444444444444444,Giants,2023,2,78,5,4,0.8,60,525,1
101735,Wan'Dale Robinson,KENTUCKY,2021,135,18,8,0.4444444444444444,Giants,2024,3,138,30,17,0.5666666666666667,96,718,3
101735,Wan'Dale Robinson,KENTUCKY,2021,135,18,8,0.4444444444444444,Giants,2025,4,143,26,9,0.3461538461538461,96,1035,4
102578,Jakobie Keeney-James,E WASHGTON,2021,30,3,1,0.3333333333333333,Packers,2025,4,2,1,1,1.0,2,15,0
102578,Jakobie Keeney-James,E WASHGTON,2022,33,3,1,0.3333333333333333,Packers,2025,3,2,1,1,1.0,2,15,0
102578,Jakobie Keeney-James,E WASHGTON,2023,22,4,2,0.5,Packers,2025,2,2,1,1,1.0,2,15,0
102585,Xavier Smith,FL A&M,2021,110,21,6,0.2857142857142857,Rams,2024,3,2,0,0,,2,6,0
102585,Xavier Smith,FL A&M,2021,110,21,6,0.2857142857142857,Rams,2025,4,23,1,0,0.0,18,303,0
102585,Xavier Smith,FL A&M,2022,133,13,4,0.3076923076923077,Rams,2024,2,2,0,0,,2,6,0
102585,Xavier Smith,FL A&M,2022,133,13,4,0.3076923076923077,Rams,2025,3,23,1,0,0.0,18,303,0
102929,Kaylon Geiger,TEXAS TECH,2021,64,14,4,0.2857142857142857,Buccaneers,2022,1,0,0,0,,0,0,0
102933,Dalen Cambre,LA LAFAYET,2021,0,0,0,,Giants,2025,4,0,0,0,,0,0,0
102933,Dalen Cambre,LA LAFAYET,2022,2,0,0,,Giants,2025,3,0,0,0,,0,0,0
102933,Dalen Cambre,LA LAFAYET,2023,1,0,0,,Giants,2025,2,0,0,0,,0,0,0
104136,Xavier Gipson,STF AUSTIN,2021,106,11,5,0.4545454545454545,Jets,2023,2,39,7,2,0.2857142857142857,23,246,0
104136,Xavier Gipson,STF AUSTIN,2021,106,11,5,0.4545454545454545,Jets,2024,3,12,3,1,0.3333333333333333,6,39,1
104136,Xavier Gipson,STF AUSTIN,2021,106,11,5,0.4545454545454545,Eagles,2025,4,2,0,0,,2,6,0
104136,Xavier Gipson,STF AUSTIN,2022,94,11,2,0.1818181818181818,Jets,2023,1,39,7,2,0.2857142857142857,23,246,0
104136,Xavier Gipson,STF AUSTIN,2022,94,11,2,0.1818181818181818,Jets,2024,2,12,3,1,0.3333333333333333,6,39,1
104136,Xavier Gipson,STF AUSTIN,2022,94,11,2,0.1818181818181818,Eagles,2025,3,2,0,0,,2,6,0
104155,Demario Douglas,LIBERTY,2021,66,6,3,0.5,Patriots,2023,2,79,13,6,0.4615384615384615,52,578,0
104155,Demario Douglas,LIBERTY,2021,66,6,3,0.5,Patriots,2024,3,95,5,2,0.4,72,665,3
104155,Demario Douglas,LIBERTY,2021,66,6,3,0.5,Patriots,2025,4,48,5,3,0.6,35,536,3
104155,Demario Douglas,LIBERTY,2022,112,16,6,0.375,Patriots,2023,1,79,13,6,0.4615384615384615,52,578,0
104155,Demario Douglas,LIBERTY,2022,112,16,6,0.375,Patriots,2024,2,95,5,2,0.4,72,665,3
104155,Demario Douglas,LIBERTY,2022,112,16,6,0.375,Patriots,2025,3,48,5,3,0.6,35,536,3
104969,Coleman Owen,N ARIZONA,2021,74,9,4,0.4444444444444444,Colts,2025,4,1,0,0,,0,0,0
104969,Coleman Owen,N ARIZONA,2022,96,15,4,0.2666666666666666,Colts,2025,3,1,0,0,,0,0,0
104969,Coleman Owen,N ARIZONA,2023,77,9,3,0.3333333333333333,Colts,2025,2,1,0,0,,0,0,0
109617,Mason Tipton,YALE,2021,70,18,4,0.2222222222222222,Saints,2024,3,26,5,3,0.6,15,108,0
109617,Mason Tipton,YALE,2021,70,18,4,0.2222222222222222,Saints,2025,4,19,3,0,0.0,12,89,0
109617,Mason Tipton,YALE,2022,54,10,2,0.2,Saints,2024,2,26,5,3,0.6,15,108,0
109617,Mason Tipton,YALE,2022,54,10,2,0.2,Saints,2025,3,19,3,0,0.0,12,89,0
109617,Mason Tipton,YALE,2023,87,13,8,0.6153846153846154,Saints,2024,1,26,5,3,0.6,15,108,0
109617,Mason Tipton,YALE,2023,87,13,8,0.6153846153846154,Saints,2025,2,19,3,0,0.0,12,89,0
109811,Andrei Iosivas,PRINCETON,2021,61,19,7,0.3684210526315789,Bengals,2023,2,25,5,2,0.4,15,116,4
109811,Andrei Iosivas,PRINCETON,2021,61,19,7,0.3684210526315789,Bengals,2024,3,66,13,7,0.5384615384615384,37,529,6
109811,Andrei Iosivas,PRINCETON,2021,61,19,7,0.3684210526315789,Bengals,2025,4,59,16,3,0.1875,34,444,2
109811,Andrei Iosivas,PRINCETON,2022,87,16,11,0.6875,Bengals,2023,1,25,5,2,0.4,15,116,4
109811,Andrei Iosivas,PRINCETON,2022,87,16,11,0.6875,Bengals,2024,2,66,13,7,0.5384615384615384,37,529,6
109811,Andrei Iosivas,PRINCETON,2022,87,16,11,0.6875,Bengals,2025,3,59,16,3,0.1875,34,444,2
111276,Grant Dubose,CHARLOTTE,2021,117,30,12,0.4,Dolphins,2024,3,5,2,0,0.0,2,11,0
111276,Grant DuBose,CHARLOTTE,2022,115,34,13,0.3823529411764705,Dolphins,2024,2,5,2,0,0.0,2,11,0
111284,Jalen Brooks,S CAROLINA,2021,33,11,4,0.3636363636363636,Cowboys,2023,2,8,1,1,1.0,6,64,0
111284,Jalen Brooks,S CAROLINA,2021,33,11,4,0.3636363636363636,Cowboys,2024,3,33,14,5,0.3571428571428571,13,190,1
111284,Jalen Brooks,S CAROLINA,2021,33,11,4,0.3636363636363636,Cardinals,2025,4,6,1,1,1.0,3,51,0
111284,Jalen Brooks,S CAROLINA,2022,49,8,4,0.5,Cowboys,2023,1,8,1,1,1.0,6,64,0
111284,Jalen Brooks,S CAROLINA,2022,49,8,4,0.5,Cowboys,2024,2,33,14,5,0.3571428571428571,13,190,1
111284,Jalen Brooks,S CAROLINA,2022,49,8,4,0.5,Cardinals,2025,3,6,1,1,1.0,3,51,0
121451,Jason Brownlee,SO MISS,2021,90,28,10,0.3571428571428571,Jets,2023,2,11,2,0,0.0,6,61,1
121451,Jason Brownlee,SO MISS,2021,90,28,10,0.3571428571428571,Chiefs,2025,4,1,0,0,,0,0,0
121451,Jason Brownlee,SO MISS,2022,120,39,16,0.4102564102564102,Jets,2023,1,11,2,0,0.0,6,61,1
121451,Jason Brownlee,SO MISS,2022,120,39,16,0.4102564102564102,Chiefs,2025,3,1,0,0,,0,0,0
121811,Jaylin Lane,MIDDLE TN,2021,54,12,7,0.5833333333333334,Commanders,2025,4,32,8,3,0.375,17,257,0
121811,Jaylin Lane,MIDDLE TN,2022,82,17,6,0.3529411764705882,Commanders,2025,3,32,8,3,0.375,17,257,0
121811,Jaylin Lane,VA TECH,2023,64,11,1,0.0909090909090909,Commanders,2025,2,32,8,3,0.375,17,257,0
121926,Danny Gray,SMU,2021,73,14,8,0.5714285714285714,49ers,2022,1,6,1,0,0.0,1,10,0
122220,Xavier Restrepo,MIAMI FL,2021,37,7,2,0.2857142857142857,Titans,2025,4,8,2,0,0.0,5,50,0
122220,Xavier Restrepo,MIAMI FL,2022,28,3,3,1.0,Titans,2025,3,8,2,0,0.0,5,50,0
122220,Xavier Restrepo,MIAMI FL,2023,103,12,6,0.5,Titans,2025,2,8,2,0,0.0,5,50,0
122518,Xavier Hutchinson,IOWA STATE,2021,113,14,8,0.5714285714285714,Texans,2023,2,22,9,1,0.1111111111111111,9,121,0
122518,Xavier Hutchinson,IOWA STATE,2021,113,14,8,0.5714285714285714,Texans,2024,3,28,9,2,0.2222222222222222,13,133,0
122518,Xavier Hutchinson,IOWA STATE,2021,113,14,8,0.5714285714285714,Texans,2025,4,60,9,3,0.3333333333333333,36,440,3
122518,Xavier Hutchinson,IOWA STATE,2022,165,32,14,0.4375,Texans,2023,1,22,9,1,0.1111111111111111,9,121,0
122518,Xavier Hutchinson,IOWA STATE,2022,165,32,14,0.4375,Texans,2024,2,28,9,2,0.2222222222222222,13,133,0
122518,Xavier Hutchinson,IOWA STATE,2022,165,32,14,0.4375,Texans,2025,3,60,9,3,0.3333333333333333,36,440,3
122579,Quentin Skinner,KANSAS,2021,1,0,0,,Jets,2025,4,2,1,1,1.0,2,12,0
122579,Quentin Skinner,KANSAS,2022,43,12,5,0.4166666666666667,Jets,2025,3,2,1,1,1.0,2,12,0
122579,Quentin Skinner,KANSAS,2023,52,11,4,0.3636363636363636,Jets,2025,2,2,1,1,1.0,2,12,0
122676,Tre Harris,LA TECH,2021,65,19,12,0.631578947368421,Chargers,2025,4,43,7,5,0.7142857142857143,30,324,1
122676,Tre Harris,LA TECH,2022,111,37,17,0.4594594594594595,Chargers,2025,3,43,7,5,0.7142857142857143,30,324,1
122676,Tre Harris,OLE MISS,2023,81,27,11,0.4074074074074074,Chargers,2025,2,43,7,5,0.7142857142857143,30,324,1
122730,Jordan Watkins,LOUISVILLE,2021,55,9,3,0.3333333333333333,49ers,2025,4,3,1,1,1.0,2,26,0
122730,Jordan Watkins,OLE MISS,2022,52,6,3,0.5,49ers,2025,3,3,1,1,1.0,2,26,0
122730,Jordan Watkins,OLE MISS,2023,76,10,3,0.3,49ers,2025,2,3,1,1,1.0,2,26,0
122832,Josh Downs,N CAROLINA,2021,143,13,4,0.3076923076923077,Colts,2023,2,100,11,5,0.4545454545454545,73,810,2
122832,Josh Downs,N CAROLINA,2021,143,13,4,0.3076923076923077,Colts,2024,3,106,16,8,0.5,75,861,5
122832,Josh Downs,N CAROLINA,2021,143,13,4,0.3076923076923077,Colts,2025,4,88,15,5,0.3333333333333333,61,595,4
122832,Josh Downs,N CAROLINA,2022,105,17,12,0.7058823529411765,Colts,2023,1,100,11,5,0.4545454545454545,73,810,2
122832,Josh Downs,N CAROLINA,2022,105,17,12,0.7058823529411765,Colts,2024,2,106,16,8,0.5,75,861,5
122832,Josh Downs,N CAROLINA,2022,105,17,12,0.7058823529411765,Colts,2025,3,88,15,5,0.3333333333333333,61,595,4
122937,Marvin Mims,OKLAHOMA,2021,43,12,5,0.4166666666666667,Broncos,2023,2,36,8,2,0.25,24,388,1
122937,Marvin Mims,OKLAHOMA,2021,43,12,5,0.4166666666666667,Broncos,2024,3,52,4,1,0.25,41,510,6
122937,Marvin Mims,OKLAHOMA,2021,43,12,5,0.4166666666666667,Broncos,2025,4,53,4,3,0.75,38,328,1
122937,Marvin Mims,OKLAHOMA,2022,93,11,5,0.4545454545454545,Broncos,2023,1,36,8,2,0.25,24,388,1
122937,Marvin Mims,OKLAHOMA,2022,93,11,5,0.4545454545454545,Broncos,2024,2,52,4,1,0.25,41,510,6
122937,Marvin Mims,OKLAHOMA,2022,93,11,5,0.4545454545454545,Broncos,2025,3,53,4,3,0.75,38,328,1
123000,Jordan Addison,PITTSBURGH,2021,128,27,15,0.5555555555555556,Vikings,2023,2,115,26,9,0.3461538461538461,70,911,10
123000,Jordan Addison,PITTSBURGH,2021,128,27,15,0.5555555555555556,Vikings,2024,3,102,22,10,0.4545454545454545,66,895,9
123000,Jordan Addison,PITTSBURGH,2021,128,27,15,0.5555555555555556,Vikings,2025,4,75,13,6,0.4615384615384615,42,610,3
123000,Jordan Addison,USC,2022,74,8,2,0.25,Vikings,2023,1,115,26,9,0.3461538461538461,70,911,10
123000,Jordan Addison,USC,2022,74,8,2,0.25,Vikings,2024,2,102,22,10,0.4545454545454545,66,895,9
123000,Jordan Addison,USC,2022,74,8,2,0.25,Vikings,2025,3,75,13,6,0.4615384615384615,42,610,3
123085,Quentin Johnston,TCU,2021,64,21,7,0.3333333333333333,Chargers,2023,2,72,27,7,0.2592592592592592,38,431,2
123085,Quentin Johnston,TCU,2021,64,21,7,0.3333333333333333,Chargers,2024,3,91,23,8,0.3478260869565217,56,739,8
123085,Quentin Johnston,TCU,2021,64,21,7,0.3333333333333333,Chargers,2025,4,82,22,11,0.5,52,758,8
123085,Quentin Johnston,TCU,2022,82,21,9,0.4285714285714285,Chargers,2023,1,72,27,7,0.2592592592592592,38,431,2
123085,Quentin Johnston,TCU,2022,82,21,9,0.4285714285714285,Chargers,2024,2,91,23,8,0.3478260869565217,56,739,8
123085,Quentin Johnston,TCU,2022,82,21,9,0.4285714285714285,Chargers,2025,3,82,22,11,0.5,52,758,8
123101,Savion Williams,TCU,2021,15,2,1,0.5,Packers,2025,4,10,1,1,1.0,10,78,1
123101,Savion Williams,TCU,2022,37,10,10,1.0,Packers,2025,3,10,1,1,1.0,10,78,1
123101,Savion Williams,TCU,2023,68,12,8,0.6666666666666666,Packers,2025,2,10,1,1,1.0,10,78,1
123153,Ja'Lynn Polk,WASHINGTON,2021,7,2,1,0.5,Patriots,2024,3,34,13,3,0.2307692307692307,12,87,2
123153,Ja'Lynn Polk,WASHINGTON,2022,71,16,7,0.4375,Patriots,2024,2,34,13,3,0.2307692307692307,12,87,2
123153,Ja'Lynn Polk,WASHINGTON,2023,92,20,11,0.55,Patriots,2024,1,34,13,3,0.2307692307692307,12,87,2
123155,Myles Price,TEXAS TECH,2021,43,6,1,0.1666666666666666,Vikings,2025,4,0,0,0,,0,0,0
123155,Myles Price,TEXAS TECH,2022,68,8,2,0.25,Vikings,2025,3,0,0,0,,0,0,0
123155,Myles Price,TEXAS TECH,2023,62,9,4,0.4444444444444444,Vikings,2025,2,0,0,0,,0,0,0
123406,Ke'Shawn Williams,WAKE,2021,37,4,2,0.5,Bengals,2025,4,1,0,0,,1,5,0
123406,Ke'Shawn Williams,WAKE,2022,63,9,6,0.6666666666666666,Bengals,2025,3,1,0,0,,1,5,0
123406,Ke'Shawn Williams,WAKE,2023,53,13,5,0.3846153846153846,Bengals,2025,2,1,0,0,,1,5,0
123470,Mitchell Tinsley,W KENTUCKY,2021,101,26,14,0.5384615384615384,Commanders,2023,2,0,0,0,,0,0,0
123470,Mitchell Tinsley,W KENTUCKY,2021,101,26,14,0.5384615384615384,Bengals,2025,4,24,9,3,0.3333333333333333,8,116,2
123470,Mitchell Tinsley,PENN STATE,2022,74,15,9,0.6,Commanders,2023,1,0,0,0,,0,0,0
123470,Mitchell Tinsley,PENN STATE,2022,74,15,9,0.6,Bengals,2025,3,24,9,3,0.3333333333333333,8,116,2
123578,Tyler Scott,CINCINNATI,2021,40,6,2,0.3333333333333333,Bears,2023,2,32,8,1,0.125,17,168,0
123578,Tyler Scott,CINCINNATI,2021,40,6,2,0.3333333333333333,Bears,2024,3,1,0,0,,1,5,0
123578,Tyler Scott,CINCINNATI,2022,90,20,11,0.55,Bears,2023,1,32,8,1,0.125,17,168,0
123578,Tyler Scott,CINCINNATI,2022,90,20,11,0.55,Bears,2024,2,1,0,0,,1,5,0
123616,LaJohntay Wester,FAU,2021,94,8,4,0.5,Ravens,2025,4,0,0,0,,0,0,0
123616,LaJohntay Wester,FAU,2022,104,21,9,0.4285714285714285,Ravens,2025,3,0,0,0,,0,0,0
123616,LaJohntay Wester,FAU,2023,154,21,10,0.4761904761904761,Ravens,2025,2,0,0,0,,0,0,0
123709,Tez Johnson,TROY,2021,93,9,3,0.3333333333333333,Buccaneers,2025,4,44,6,4,0.6666666666666666,28,322,5
123709,Tez Johnson,TROY,2022,75,10,3,0.3,Buccaneers,2025,3,44,6,4,0.6666666666666666,28,322,5
123709,Tez Johnson,OREGON,2023,89,4,2,0.5,Buccaneers,2025,2,44,6,4,0.6666666666666666,28,322,5
123904,Javon Baker,ALABAMA,2021,8,2,2,1.0,Patriots,2024,3,4,1,0,0.0,1,12,0
123904,Javon Baker,UCF,2022,97,23,9,0.391304347826087,Patriots,2024,2,4,1,0,0.0,1,12,0
123904,Javon Baker,UCF,2023,76,16,6,0.375,Patriots,2024,1,4,1,0,0.0,1,12,0
124017,Jermaine Burton,GEORGIA,2021,25,5,3,0.6,Bengals,2024,3,14,5,1,0.2,4,107,0
124017,Jermaine Burton,ALABAMA,2022,53,8,3,0.375,Bengals,2024,2,14,5,1,0.2,4,107,0
124017,Jermaine Burton,ALABAMA,2023,50,12,7,0.5833333333333334,Bengals,2024,1,14,5,1,0.2,4,107,0
124030,Ladd McConkey,GEORGIA,2021,31,3,3,1.0,Chargers,2024,3,117,23,13,0.5652173913043478,86,1174,7
124030,Ladd McConkey,GEORGIA,2021,31,3,3,1.0,Chargers,2025,4,107,13,3,0.2307692307692307,68,804,6
124030,Ladd McConkey,GEORGIA,2022,70,5,1,0.2,Chargers,2024,2,117,23,13,0.5652173913043478,86,1174,7
124030,Ladd McConkey,GEORGIA,2022,70,5,1,0.2,Chargers,2025,3,107,13,3,0.2307692307692307,68,804,6
124030,Ladd McConkey,GEORGIA,2023,31,3,1,0.3333333333333333,Chargers,2024,1,117,23,13,0.5652173913043478,86,1174,7
124030,Ladd McConkey,GEORGIA,2023,31,3,1,0.3333333333333333,Chargers,2025,2,107,13,3,0.2307692307692307,68,804,6
124039,Arian Smith,GEORGIA,2021,6,3,1,0.3333333333333333,Jets,2025,4,16,6,1,0.1666666666666666,8,61,0
124039,Arian Smith,GEORGIA,2022,6,2,0,0.0,Jets,2025,3,16,6,1,0.1666666666666666,8,61,0
124039,Arian Smith,GEORGIA,2023,16,3,0,0.0,Jets,2025,2,16,6,1,0.1666666666666666,8,61,0
124087,Kayshon Boutte,LSU,2021,50,8,3,0.375,Patriots,2023,2,7,2,1,0.5,2,19,0
124087,Kayshon Boutte,LSU,2021,50,8,3,0.375,Patriots,2024,3,75,14,9,0.6428571428571429,46,608,3
124087,Kayshon Boutte,LSU,2021,50,8,3,0.375,Patriots,2025,4,51,9,5,0.5555555555555556,35,564,6
124087,Kayshon Boutte,LSU,2022,64,8,3,0.375,Patriots,2023,1,7,2,1,0.5,2,19,0
124087,Kayshon Boutte,LSU,2022,64,8,3,0.375,Patriots,2024,2,75,14,9,0.6428571428571429,46,608,3
124087,Kayshon Boutte,LSU,2022,64,8,3,0.375,Patriots,2025,3,51,9,5,0.5555555555555556,35,564,6
124173,Malik Heath,MISS STATE,2021,56,12,5,0.4166666666666667,Packers,2023,2,24,9,4,0.4444444444444444,15,125,1
124173,Malik Heath,MISS STATE,2021,56,12,5,0.4166666666666667,Packers,2024,3,12,5,4,0.8,10,97,2
124173,Malik Heath,MISS STATE,2021,56,12,5,0.4166666666666667,Packers,2025,4,7,1,1,1.0,6,86,0
124173,Malik Heath,OLE MISS,2022,83,14,5,0.3571428571428571,Packers,2023,1,24,9,4,0.4444444444444444,15,125,1
124173,Malik Heath,OLE MISS,2022,83,14,5,0.3571428571428571,Packers,2024,2,12,5,4,0.8,10,97,2
124173,Malik Heath,OLE MISS,2022,83,14,5,0.3571428571428571,Packers,2025,3,7,1,1,1.0,6,86,0
124281,Jimmy Holiday,TENNESSEE,2021,4,0,0,,Chiefs,2025,4,0,0,0,,0,0,0
124281,Jimmy Holiday,TENNESSEE,2022,8,2,0,0.0,Chiefs,2025,3,0,0,0,,0,0,0
124281,Jimmy Holiday,W KENTUCKY,2023,32,11,5,0.4545454545454545,Chiefs,2025,2,0,0,0,,0,0,0
124282,Jalin Hyatt,TENNESSEE,2021,32,7,1,0.1428571428571428,Giants,2023,2,44,11,5,0.4545454545454545,26,468,0
124282,Jalin Hyatt,TENNESSEE,2021,32,7,1,0.1428571428571428,Giants,2024,3,23,6,3,0.5,8,62,0
124282,Jalin Hyatt,TENNESSEE,2021,32,7,1,0.1428571428571428,Giants,2025,4,15,5,1,0.2,5,35,0
124282,Jalin Hyatt,TENNESSEE,2022,97,6,3,0.5,Giants,2023,1,44,11,5,0.4545454545454545,26,468,0
124282,Jalin Hyatt,TENNESSEE,2022,97,6,3,0.5,Giants,2024,2,23,6,3,0.5,8,62,0
124282,Jalin Hyatt,TENNESSEE,2022,97,6,3,0.5,Giants,2025,3,15,5,1,0.2,5,35,0
125155,Jaylin Noel,IOWA STATE,2021,46,3,1,0.3333333333333333,Texans,2025,4,35,2,1,0.5,26,292,2
125155,Jaylin Noel,IOWA STATE,2022,87,5,2,0.4,Texans,2025,3,35,2,1,0.5,26,292,2
125155,Jaylin Noel,IOWA STATE,2023,88,7,4,0.5714285714285714,Texans,2025,2,35,2,1,0.5,26,292,2
128232,Tory Horton,NEVADA,2021,72,2,1,0.5,Seahawks,2025,4,25,7,2,0.2857142857142857,15,178,5
128232,Tory Horton,COLO STATE,2022,118,21,8,0.3809523809523809,Seahawks,2025,3,25,7,2,0.2857142857142857,15,178,5
128232,Tory Horton,COLO STATE,2023,142,15,8,0.5333333333333333,Seahawks,2025,2,25,7,2,0.2857142857142857,15,178,5
128374,Kyle Williams,UNLV,2021,76,20,7,0.35,Patriots,2025,4,24,7,1,0.1428571428571428,10,209,3
128374,Kyle Williams,UNLV,2022,67,12,5,0.4166666666666667,Patriots,2025,3,24,7,1,0.1428571428571428,10,209,3
128374,Kyle Williams,WASH STATE,2023,90,11,6,0.5454545454545454,Patriots,2025,2,24,7,1,0.1428571428571428,10,209,3
129519,Rakim Jarrett,MARYLAND,2021,89,13,3,0.2307692307692307,Buccaneers,2023,2,7,1,1,1.0,4,60,0
129519,Rakim Jarrett,MARYLAND,2021,89,13,3,0.2307692307692307,Buccaneers,2024,3,11,5,3,0.6,9,124,0
129519,Rakim Jarrett,MARYLAND,2022,69,8,1,0.125,Buccaneers,2023,1,7,1,1,1.0,4,60,0
129519,Rakim Jarrett,MARYLAND,2022,69,8,1,0.125,Buccaneers,2024,2,11,5,3,0.6,9,124,0
129604,Roman Wilson,MICHIGAN,2021,33,4,3,0.75,Steelers,2024,3,0,0,0,,0,0,0
129604,Roman Wilson,MICHIGAN,2021,33,4,3,0.75,Steelers,2025,4,21,4,1,0.25,13,179,2
129604,Roman Wilson,MICHIGAN,2022,32,4,3,0.75,Steelers,2024,2,0,0,0,,0,0,0
129604,Roman Wilson,MICHIGAN,2022,32,4,3,0.75,Steelers,2025,3,21,4,1,0.25,13,179,2
129604,Roman Wilson,MICHIGAN,2023,56,6,3,0.5,Steelers,2024,1,0,0,0,,0,0,0
129604,Roman Wilson,MICHIGAN,2023,56,6,3,0.5,Steelers,2025,2,21,4,1,0.25,13,179,2
129758,Jaxon Smith-Njigba,OHIO STATE,2021,97,7,7,1.0,Seahawks,2023,2,93,14,3,0.2142857142857142,63,628,4
129758,Jaxon Smith-Njigba,OHIO STATE,2021,97,7,7,1.0,Seahawks,2024,3,144,28,13,0.4642857142857143,106,1244,6
129758,Jaxon Smith-Njigba,OHIO STATE,2021,97,7,7,1.0,Seahawks,2025,4,168,32,15,0.46875,119,1793,10
129758,Jaxon Smith-Njigba,OHIO STATE,2022,8,1,0,0.0,Seahawks,2023,1,93,14,3,0.2142857142857142,63,628,4
129758,Jaxon Smith-Njigba,OHIO STATE,2022,8,1,0,0.0,Seahawks,2024,2,144,28,13,0.4642857142857143,106,1244,6
129758,Jaxon Smith-Njigba,OHIO STATE,2022,8,1,0,0.0,Seahawks,2025,3,168,32,15,0.46875,119,1793,10
129789,KeAndre Lambert-Smith,PENN STATE,2021,56,6,1,0.1666666666666666,Chargers,2025,4,13,1,1,1.0,5,51,1
129789,KeAndre Lambert-Smith,PENN STATE,2022,38,8,3,0.375,Chargers,2025,3,13,1,1,1.0,5,51,1
129789,KeAndre Lambert-Smith,PENN STATE,2023,91,11,5,0.4545454545454545,Chargers,2025,2,13,1,1,1.0,5,51,1
129799,Parker Washington,PENN STATE,2021,79,9,5,0.5555555555555556,Jaguars,2023,2,20,3,3,1.0,16,132,2
129799,Parker Washington,PENN STATE,2021,79,9,5,0.5555555555555556,Jaguars,2024,3,55,9,4,0.4444444444444444,33,392,3
129799,Parker Washington,PENN STATE,2021,79,9,5,0.5555555555555556,Jaguars,2025,4,98,30,17,0.5666666666666667,62,889,5
129799,Parker Washington,PENN STATE,2022,69,7,5,0.7142857142857143,Jaguars,2023,1,20,3,3,1.0,16,132,2
129799,Parker Washington,PENN STATE,2022,69,7,5,0.7142857142857143,Jaguars,2024,2,55,9,4,0.4444444444444444,33,392,3
129799,Parker Washington,PENN STATE,2022,69,7,5,0.7142857142857143,Jaguars,2025,3,98,30,17,0.5666666666666667,62,889,5
129918,Chimere Dike,WISCONSIN,2021,32,12,8,0.6666666666666666,Titans,2025,4,80,3,1,0.3333333333333333,52,452,4
129918,Chimere Dike,WISCONSIN,2022,79,15,5,0.3333333333333333,Titans,2025,3,80,3,1,0.3333333333333333,52,452,4
129918,Chimere Dike,WISCONSIN,2023,40,7,3,0.4285714285714285,Titans,2025,2,80,3,1,0.3333333333333333,52,452,4
131692,Brenden Rice,COLORADO,2021,33,7,5,0.7142857142857143,Chargers,2024,3,0,0,0,,0,0,0
131692,Brenden Rice,USC,2022,55,14,8,0.5714285714285714,Chargers,2024,2,0,0,0,,0,0,0
131692,Brenden Rice,USC,2023,79,15,4,0.2666666666666666,Chargers,2024,1,0,0,0,,0,0,0
131905,Jalen McMillan,WASHINGTON,2021,60,7,0,0.0,Buccaneers,2024,3,63,14,4,0.2857142857142857,39,477,8
131905,Jalen McMillan,WASHINGTON,2021,60,7,0,0.0,Buccaneers,2025,4,15,2,2,1.0,12,178,0
131905,Jalen McMillan,WASHINGTON,2022,110,15,5,0.3333333333333333,Buccaneers,2024,2,63,14,4,0.2857142857142857,39,477,8
131905,Jalen McMillan,WASHINGTON,2022,110,15,5,0.3333333333333333,Buccaneers,2025,3,15,2,2,1.0,12,178,0
131905,Jalen McMillan,WASHINGTON,2023,36,1,0,0.0,Buccaneers,2024,1,63,14,4,0.2857142857142857,39,477,8
131905,Jalen McMillan,WASHINGTON,2023,36,1,0,0.0,Buccaneers,2025,2,15,2,2,1.0,12,178,0
136866,Darius Cooper,TARLETON,2021,16,1,0,0.0,Eagles,2025,4,12,2,1,0.5,9,92,0
136866,Darius Cooper,TARLETON,2022,108,25,11,0.44,Eagles,2025,3,12,2,1,0.5,9,92,0
136866,Darius Cooper,TARLETON,2023,54,13,7,0.5384615384615384,Eagles,2025,2,12,2,1,0.5,9,92,0
141521,Efton Chism III,E WASHGTON,2021,69,9,5,0.5555555555555556,Patriots,2025,4,4,1,1,1.0,3,75,1
141521,Efton Chism III,E WASHGTON,2022,85,7,6,0.8571428571428571,Patriots,2025,3,4,1,1,1.0,3,75,1
141521,Efton Chism III,E WASHGTON,2023,113,9,4,0.4444444444444444,Patriots,2025,2,4,1,1,1.0,3,75,1
143068,Jalen Coker,HOLY CROSS,2021,88,18,5,0.2777777777777778,Panthers,2024,3,51,10,6,0.6,33,493,2
143068,Jalen Coker,HOLY CROSS,2021,88,18,5,0.2777777777777778,Panthers,2025,4,46,8,7,0.875,34,396,3
143068,Jalen Coker,HOLY CROSS,2022,85,21,8,0.3809523809523809,Panthers,2024,2,51,10,6,0.6,33,493,2
143068,Jalen Coker,HOLY CROSS,2022,85,21,8,0.3809523809523809,Panthers,2025,3,46,8,7,0.875,34,396,3
143068,Jalen Coker,HOLY CROSS,2023,95,26,13,0.5,Panthers,2024,1,51,10,6,0.6,33,493,2
143068,Jalen Coker,HOLY CROSS,2023,95,26,13,0.5,Panthers,2025,2,46,8,7,0.875,34,396,3
144112,Beaux Collins,CLEMSON,2021,59,13,5,0.3846153846153846,Giants,2025,4,7,1,0,0.0,2,25,0
144112,Beaux Collins,CLEMSON,2022,43,10,3,0.3,Giants,2025,3,7,1,0,0.0,2,25,0
144112,Beaux Collins,CLEMSON,2023,67,16,9,0.5625,Giants,2025,2,7,1,0,0.0,2,25,0
144483,Jimmy Horn Jr.,USF,2021,47,9,1,0.1111111111111111,Panthers,2025,4,14,0,0,,12,108,0
144483,Jimmy Horn Jr.,USF,2022,64,7,2,0.2857142857142857,Panthers,2025,3,14,0,0,,12,108,0
144483,Jimmy Horn Jr.,COLORADO,2023,84,6,3,0.5,Panthers,2025,2,14,0,0,,12,108,0
144718,Xavier Worthy,TEXAS,2021,105,10,5,0.5,Chiefs,2024,3,96,11,3,0.2727272727272727,60,646,6
144718,Xavier Worthy,TEXAS,2021,105,10,5,0.5,Chiefs,2025,4,80,11,4,0.3636363636363636,45,541,1
144718,Xavier Worthy,TEXAS,2022,105,12,4,0.3333333333333333,Chiefs,2024,2,96,11,3,0.2727272727272727,60,646,6
144718,Xavier Worthy,TEXAS,2022,105,12,4,0.3333333333333333,Chiefs,2025,3,80,11,4,0.3636363636363636,45,541,1
144718,Xavier Worthy,TEXAS,2023,107,21,5,0.238095238095238,Chiefs,2024,1,96,11,3,0.2727272727272727,60,646,6
144718,Xavier Worthy,TEXAS,2023,107,21,5,0.238095238095238,Chiefs,2025,2,80,11,4,0.3636363636363636,45,541,1
144800,Pat Bryant,ILLINOIS,2021,13,3,1,0.3333333333333333,Broncos,2025,4,50,15,9,0.6,33,394,1
144800,Pat Bryant,ILLINOIS,2022,60,16,7,0.4375,Broncos,2025,3,50,15,9,0.6,33,394,1
144800,Pat Bryant,ILLINOIS,2023,70,16,8,0.5,Broncos,2025,2,50,15,9,0.6,33,394,1
144886,Tai Felton,MARYLAND,2021,6,1,1,1.0,Vikings,2025,4,5,1,0,0.0,3,25,0
144886,Tai Felton,MARYLAND,2022,30,4,1,0.25,Vikings,2025,3,5,1,0,0.0,3,25,0
144886,Tai Felton,MARYLAND,2023,85,16,4,0.25,Vikings,2025,2,5,1,0,0.0,3,25,0
144949,Keon Coleman,MICH STATE,2021,8,1,1,1.0,Bills,2024,3,66,23,8,0.3478260869565217,33,627,4
144949,Keon Coleman,MICH STATE,2021,8,1,1,1.0,Bills,2025,4,68,19,6,0.3157894736842105,40,422,4
144949,Keon Coleman,MICH STATE,2022,98,20,12,0.6,Bills,2024,2,66,23,8,0.3478260869565217,33,627,4
144949,Keon Coleman,MICH STATE,2022,98,20,12,0.6,Bills,2025,3,68,19,6,0.3157894736842105,40,422,4
144949,Keon Coleman,FLORIDA ST,2023,87,30,10,0.3333333333333333,Bills,2024,1,66,23,8,0.3478260869565217,33,627,4
144949,Keon Coleman,FLORIDA ST,2023,87,30,10,0.3333333333333333,Bills,2025,2,68,19,6,0.3157894736842105,40,422,4
145055,Emeka Egbuka,OHIO STATE,2021,7,2,1,0.5,Buccaneers,2025,4,134,28,8,0.2857142857142857,67,974,6
145055,Emeka Egbuka,OHIO STATE,2022,100,17,9,0.5294117647058824,Buccaneers,2025,3,134,28,8,0.2857142857142857,67,974,6
145055,Emeka Egbuka,OHIO STATE,2023,54,5,1,0.2,Buccaneers,2025,2,134,28,8,0.2857142857142857,67,974,6
145056,Marvin Harrison Jr.,OHIO STATE,2021,9,0,0,,Cardinals,2024,3,124,41,16,0.3902439024390244,66,931,8
145056,Marvin Harrison Jr.,OHIO STATE,2021,9,0,0,,Cardinals,2025,4,79,24,10,0.4166666666666667,42,610,4
145056,Marvin Harrison Jr.,OHIO STATE,2022,117,31,18,0.5806451612903226,Cardinals,2024,2,124,41,16,0.3902439024390244,66,931,8
145056,Marvin Harrison Jr.,OHIO STATE,2022,117,31,18,0.5806451612903226,Cardinals,2025,3,79,24,10,0.4166666666666667,42,610,4
145056,Marvin Harrison Jr.,OHIO STATE,2023,120,34,14,0.4117647058823529,Cardinals,2024,1,124,41,16,0.3902439024390244,66,931,8
145056,Marvin Harrison Jr.,OHIO STATE,2023,120,34,14,0.4117647058823529,Cardinals,2025,2,79,24,10,0.4166666666666667,42,610,4
145443,Tejhaun Palmer,UAB,2021,13,2,0,0.0,Cardinals,2025,4,0,0,0,,0,0,0
145443,Tejhaun Palmer,UAB,2022,51,13,4,0.3076923076923077,Cardinals,2025,3,0,0,0,,0,0,0
145443,Tejhaun Palmer,UAB,2023,69,13,8,0.6153846153846154,Cardinals,2025,2,0,0,0,,0,0,0
145598,Konata Mumpfield,AKRON,2021,103,16,7,0.4375,Rams,2025,4,23,5,1,0.2,10,92,1
145598,Konata Mumpfield,PITTSBURGH,2022,76,17,9,0.5294117647058824,Rams,2025,3,23,5,1,0.2,10,92,1
145598,Konata Mumpfield,PITTSBURGH,2023,75,12,4,0.3333333333333333,Rams,2025,2,23,5,1,0.2,10,92,1
145773,Devontez Walker,KENT STATE,2021,6,0,0,,Ravens,2024,3,2,0,0,,1,21,1
145773,Devontez Walker,KENT STATE,2021,6,0,0,,Ravens,2025,4,8,1,0,0.0,6,136,3
145773,Devontez Walker,KENT STATE,2022,99,17,4,0.2352941176470588,Ravens,2024,2,2,0,0,,1,21,1
145773,Devontez Walker,KENT STATE,2022,99,17,4,0.2352941176470588,Ravens,2025,3,8,1,0,0.0,6,136,3
145773,Devontez Walker,N CAROLINA,2023,74,19,10,0.5263157894736842,Ravens,2024,1,2,0,0,,1,21,1
145773,Devontez Walker,N CAROLINA,2023,74,19,10,0.5263157894736842,Ravens,2025,2,8,1,0,0.0,6,136,3
146547,Dont'e Thornton Jr.,OREGON,2021,8,0,0,,Raiders,2025,4,33,16,3,0.1875,12,160,0
146547,Dont'e Thornton Jr.,OREGON,2022,25,3,2,0.6666666666666666,Raiders,2025,3,33,16,3,0.1875,12,160,0
146547,Dont'e Thornton Jr.,TENNESSEE,2023,22,4,0,0.0,Raiders,2025,2,33,16,3,0.1875,12,160,0
146567,Troy Franklin,OREGON,2021,21,4,0,0.0,Broncos,2024,3,51,5,1,0.2,29,265,2
146567,Troy Franklin,OREGON,2021,21,4,0,0.0,Broncos,2025,4,108,18,9,0.5,69,739,6
146567,Troy Franklin,OREGON,2022,81,12,8,0.6666666666666666,Broncos,2024,2,51,5,1,0.2,29,265,2
146567,Troy Franklin,OREGON,2022,81,12,8,0.6666666666666666,Broncos,2025,3,108,18,9,0.5,69,739,6
146567,Troy Franklin,OREGON,2023,113,19,6,0.3157894736842105,Broncos,2024,1,51,5,1,0.2,29,265,2
146567,Troy Franklin,OREGON,2023,113,19,6,0.3157894736842105,Broncos,2025,2,108,18,9,0.5,69,739,6
146587,Ja'Corey Brooks,ALABAMA,2021,9,4,2,0.5,Commanders,2025,4,0,0,0,,0,0,0
146587,Ja'Corey Brooks,ALABAMA,2022,72,11,2,0.1818181818181818,Commanders,2025,3,0,0,0,,0,0,0
146587,Ja'Corey Brooks,ALABAMA,2023,9,1,0,0.0,Commanders,2025,2,0,0,0,,0,0,0
146712,Adonai Mitchell,GEORGIA,2021,49,10,4,0.4,Colts,2024,3,57,7,1,0.1428571428571428,24,322,0
146712,Adonai Mitchell,GEORGIA,2021,49,10,4,0.4,Jets,2025,4,73,12,5,0.4166666666666667,33,453,2
146712,Adonai Mitchell,GEORGIA,2022,6,4,3,0.75,Colts,2024,2,57,7,1,0.1428571428571428,24,322,0
146712,Adonai Mitchell,GEORGIA,2022,6,4,3,0.75,Jets,2025,3,73,12,5,0.4166666666666667,33,453,2
146712,Adonai Mitchell,TEXAS,2023,76,10,4,0.4,Colts,2024,1,57,7,1,0.1428571428571428,24,322,0
146712,Adonai Mitchell,TEXAS,2023,76,10,4,0.4,Jets,2025,2,73,12,5,0.4166666666666667,33,453,2
146759,Malik Nabers,LSU,2021,43,9,4,0.4444444444444444,Giants,2024,3,179,44,19,0.4318181818181818,115,1293,7
146759,Malik Nabers,LSU,2021,43,9,4,0.4444444444444444,Giants,2025,4,34,9,3,0.3333333333333333,18,271,2
146759,Malik Nabers,LSU,2022,89,18,10,0.5555555555555556,Giants,2024,2,179,44,19,0.4318181818181818,115,1293,7
146759,Malik Nabers,LSU,2022,89,18,10,0.5555555555555556,Giants,2025,3,34,9,3,0.3333333333333333,18,271,2
146759,Malik Nabers,LSU,2023,132,22,10,0.4545454545454545,Giants,2024,1,179,44,19,0.4318181818181818,115,1293,7
146759,Malik Nabers,LSU,2023,132,22,10,0.4545454545454545,Giants,2025,2,34,9,3,0.3333333333333333,18,271,2
146760,Brian Thomas Jr.,LSU,2021,41,13,6,0.4615384615384615,Jaguars,2024,3,138,17,8,0.4705882352941176,93,1344,10
146760,Brian Thomas Jr.,LSU,2021,41,13,6,0.4615384615384615,Jaguars,2025,4,95,32,11,0.34375,50,779,2
146760,Brian Thomas Jr.,LSU,2022,39,10,5,0.5,Jaguars,2024,2,138,17,8,0.4705882352941176,93,1344,10
146760,Brian Thomas Jr.,LSU,2022,39,10,5,0.5,Jaguars,2025,3,95,32,11,0.34375,50,779,2
146760,Brian Thomas Jr.,LSU,2023,76,13,7,0.5384615384615384,Jaguars,2024,1,138,17,8,0.4705882352941176,93,1344,10
146760,Brian Thomas Jr.,LSU,2023,76,13,7,0.5384615384615384,Jaguars,2025,2,95,32,11,0.34375,50,779,2
146771,Jack Bech,LSU,2021,68,4,3,0.75,Raiders,2025,4,30,9,5,0.5555555555555556,20,224,0
146771,Jack Bech,LSU,2022,21,3,2,0.6666666666666666,Raiders,2025,3,30,9,5,0.5555555555555556,20,224,0
146771,Jack Bech,TCU,2023,19,6,3,0.5,Raiders,2025,2,30,9,5,0.5555555555555556,20,224,0
150169,Gage Larvadain,SE LA,2021,43,4,1,0.25,Browns,2025,4,14,2,0,0.0,7,71,0
150169,Gage Larvadain,SE LA,2022,83,11,6,0.5454545454545454,Browns,2025,3,14,2,0,0.0,7,71,0
150169,Gage Larvadain,MIAMI OH,2023,60,18,3,0.1666666666666666,Browns,2025,2,14,2,0,0.0,7,71,0
150240,Jayden Higgins,E KENTUCKY,2021,60,14,6,0.4285714285714285,Texans,2025,4,70,14,6,0.4285714285714285,42,551,6
150240,Jayden Higgins,E KENTUCKY,2022,94,27,16,0.5925925925925926,Texans,2025,3,70,14,6,0.4285714285714285,42,551,6
150240,Jayden Higgins,IOWA STATE,2023,72,16,5,0.3125,Texans,2025,2,70,14,6,0.4285714285714285,42,551,6
156165,Matthew Golden,HOUSTON,2022,57,9,3,0.3333333333333333,Packers,2025,3,42,7,3,0.4285714285714285,29,361,0
156165,Matthew Golden,HOUSTON,2023,66,11,3,0.2727272727272727,Packers,2025,2,42,7,3,0.4285714285714285,29,361,0
157170,Luther Burden III,MISSOURI,2022,71,13,3,0.2307692307692307,Bears,2025,3,62,2,0,0.0,47,652,2
157170,Luther Burden III,MISSOURI,2023,121,24,13,0.5416666666666666,Bears,2025,2,62,2,0,0.0,47,652,2
157263,Elic Ayomanor,STANFORD,2023,118,34,15,0.4411764705882353,Titans,2025,2,90,25,13,0.52,41,515,4
157518,Jacoby Jones,OHIO,2022,53,13,8,0.6153846153846154,Commanders,2025,3,1,0,0,,1,25,0
157518,Jacoby Jones,OHIO,2023,15,4,1,0.25,Commanders,2025,2,1,0,0,,1,25,0
158735,Tetairoa McMillan,ARIZONA,2022,89,25,7,0.28,Panthers,2025,3,129,26,8,0.3076923076923077,72,1062,7
158735,Tetairoa McMillan,ARIZONA,2023,123,37,17,0.4594594594594595,Panthers,2025,2,129,26,8,0.3076923076923077,72,1062,7
159617,Ryan Flournoy,SE MO ST,2022,116,15,5,0.3333333333333333,Cowboys,2024,2,16,2,1,0.5,11,122,0
159617,Ryan Flournoy,SE MO ST,2022,116,15,5,0.3333333333333333,Cowboys,2025,3,56,12,5,0.4166666666666667,42,503,4
159617,Ryan Flournoy,SE MO ST,2023,101,21,7,0.3333333333333333,Cowboys,2024,1,16,2,1,0.5,11,122,0
159617,Ryan Flournoy,SE MO ST,2023,101,21,7,0.3333333333333333,Cowboys,2025,2,56,12,5,0.4166666666666667,42,503,4
163442,Jalen Royals,UTAH ST,2022,6,2,0,0.0,Chiefs,2025,3,3,1,1,1.0,2,4,0
163442,Jalen Royals,UTAH ST,2023,99,24,16,0.6666666666666666,Chiefs,2025,2,3,1,1,1.0,2,4,0
163586,Isaiah Bond,ALABAMA,2022,29,4,2,0.5,Browns,2025,3,44,12,6,0.5,19,344,0
163586,Isaiah Bond,ALABAMA,2023,68,6,2,0.3333333333333333,Browns,2025,2,44,12,6,0.5,19,344,0
165866,Kameron Johnson,BARCOL,2022,8,1,0,0.0,Buccaneers,2024,2,1,0,0,,0,0,0
165866,Kameron Johnson,BARCOL,2022,8,1,0,0.0,Buccaneers,2025,3,6,0,0,,4,64,1
165866,Kameron Johnson,BARCOL,2023,11,1,0,0.0,Buccaneers,2024,1,1,0,0,,0,0,0
165866,Kameron Johnson,BARCOL,2023,11,1,0,0.0,Buccaneers,2025,2,6,0,0,,4,64,1
172430,Isaac TeSlaa,ARKANSAS,2023,65,18,8,0.4444444444444444,Lions,2025,2,28,9,5,0.5555555555555556,16,239,6
175944,Jahdae Walker,TEXAS A&M,2023,47,13,7,0.5384615384615384,Bears,2025,2,10,1,0,0.0,6,87,2
98005,Theo Wease Jr.,MISSOURI,2024,83,12,4,0.3333333333333333,Dolphins,2025,1,10,3,1,0.3333333333333333,6,139,1
101711,Dalevon Campbell,S CAROLINA,2024,18,4,1,0.25,Panthers,2025,1,0,0,0,,0,0,0
102578,Jakobie Keeney-James,UMASS,2024,91,16,6,0.375,Packers,2025,1,2,1,1,1.0,2,15,0
102933,Dalen Cambre,LA LAFAYET,2024,4,0,0,,Giants,2025,1,0,0,0,,0,0,0
104969,Coleman Owen,OHIO,2024,95,16,4,0.25,Colts,2025,1,1,0,0,,0,0,0
121811,Jaylin Lane,VA TECH,2024,60,6,1,0.1666666666666666,Commanders,2025,1,32,8,3,0.375,17,257,0
122220,Xavier Restrepo,MIAMI FL,2024,104,15,9,0.6,Titans,2025,1,8,2,0,0.0,5,50,0
122579,Quentin Skinner,KANSAS,2024,58,10,4,0.4,Jets,2025,1,2,1,1,1.0,2,12,0
122676,Tre Harris,OLE MISS,2024,79,13,8,0.6153846153846154,Chargers,2025,1,43,7,5,0.7142857142857143,30,324,1
122730,Jordan Watkins,OLE MISS,2024,63,8,5,0.625,49ers,2025,1,3,1,1,1.0,2,26,0
123101,Savion Williams,TCU,2024,90,11,9,0.8181818181818182,Packers,2025,1,10,1,1,1.0,10,78,1
123155,Myles Price,INDIANA,2024,52,9,3,0.3333333333333333,Vikings,2025,1,0,0,0,,0,0,0
123406,Ke'Shawn Williams,INDIANA,2024,53,11,7,0.6363636363636364,Bengals,2025,1,1,0,0,,1,5,0
123616,LaJohntay Wester,COLORADO,2024,93,13,7,0.5384615384615384,Ravens,2025,1,0,0,0,,0,0,0
123709,Tez Johnson,OREGON,2024,84,2,1,0.5,Buccaneers,2025,1,44,6,4,0.6666666666666666,28,322,5
124039,Arian Smith,GEORGIA,2024,69,9,2,0.2222222222222222,Jets,2025,1,16,6,1,0.1666666666666666,8,61,0
124281,Jimmy Holiday,LA TECH,2024,55,7,4,0.5714285714285714,Chiefs,2025,1,0,0,0,,0,0,0
125155,Jaylin Noel,IOWA STATE,2024,109,22,10,0.4545454545454545,Texans,2025,1,35,2,1,0.5,26,292,2
128232,Tory Horton,COLO STATE,2024,40,6,3,0.5,Seahawks,2025,1,25,7,2,0.2857142857142857,15,178,5
128374,Kyle Williams,WASH STATE,2024,91,15,9,0.6,Patriots,2025,1,24,7,1,0.1428571428571428,10,209,3
129789,KeAndre Lambert-Smith,AUBURN,2024,86,15,8,0.5333333333333333,Chargers,2025,1,13,1,1,1.0,5,51,1
129918,Chimere Dike,FLORIDA,2024,59,10,5,0.5,Titans,2025,1,80,3,1,0.3333333333333333,52,452,4
136866,Darius Cooper,TARLETON,2024,132,31,15,0.4838709677419355,Eagles,2025,1,12,2,1,0.5,9,92,0
141521,Efton Chism III,E WASHGTON,2024,152,13,8,0.6153846153846154,Patriots,2025,1,4,1,1,1.0,3,75,1
144112,Beaux Collins,NOTRE DAME,2024,59,9,5,0.5555555555555556,Giants,2025,1,7,1,0,0.0,2,25,0
144483,Jimmy Horn Jr.,COLORADO,2024,50,5,2,0.4,Panthers,2025,1,14,0,0,,12,108,0
144800,Pat Bryant,ILLINOIS,2024,84,14,9,0.6428571428571429,Broncos,2025,1,50,15,9,0.6,33,394,1
144886,Tai Felton,MARYLAND,2024,156,20,7,0.35,Vikings,2025,1,5,1,0,0.0,3,25,0
145055,Emeka Egbuka,OHIO STATE,2024,91,17,10,0.5882352941176471,Buccaneers,2025,1,134,28,8,0.2857142857142857,67,974,6
145598,Konata Mumpfield,PITTSBURGH,2024,89,15,9,0.6,Rams,2025,1,23,5,1,0.2,10,92,1
146547,Dont'e Thornton Jr.,TENNESSEE,2024,38,6,4,0.6666666666666666,Raiders,2025,1,33,16,3,0.1875,12,160,0
146587,Ja'Corey Brooks,LOUISVILLE,2024,102,27,17,0.6296296296296297,Commanders,2025,1,0,0,0,,0,0,0
146771,Jack Bech,TCU,2024,96,22,14,0.6363636363636364,Raiders,2025,1,30,9,5,0.5555555555555556,20,224,0
150169,Gage Larvadain,S CAROLINA,2024,33,4,2,0.5,Browns,2025,1,14,2,0,0.0,7,71,0
150240,Jayden Higgins,IOWA STATE,2024,135,26,13,0.5,Texans,2025,1,70,14,6,0.4285714285714285,42,551,6
156165,Matthew Golden,TEXAS,2024,62,11,7,0.6363636363636364,Packers,2025,1,42,7,3,0.4285714285714285,29,361,0
157170,Luther Burden III,MISSOURI,2024,87,11,6,0.5454545454545454,Bears,2025,1,62,2,0,0.0,47,652,2
157263,Elic Ayomanor,STANFORD,2024,118,31,14,0.4516129032258064,Titans,2025,1,90,25,13,0.52,41,515,4
157518,Jacoby Jones,UCF,2024,35,15,11,0.7333333333333333,Commanders,2025,1,1,0,0,,1,25,0
158735,Tetairoa McMillan,ARIZONA,2024,138,32,18,0.5625,Panthers,2025,1,129,26,8,0.3076923076923077,72,1062,7
163442,Jalen Royals,UTAH ST,2024,86,16,8,0.5,Chiefs,2025,1,3,1,1,1.0,2,4,0
163586,Isaiah Bond,TEXAS,2024,54,9,3,0.3333333333333333,Browns,2025,1,44,12,6,0.5,19,344,0
172430,Isaac TeSlaa,ARKANSAS,2024,33,8,5,0.625,Lions,2025,1,28,9,5,0.5555555555555556,16,239,6
175944,Jahdae Walker,TEXAS A&M,2024,39,9,5,0.5555555555555556,Bears,2025,1,10,1,0,0.0,6,87,2
