player_id,player,nfl_team,nfl_season,nfl_targets,nfl_contested_targets,nfl_contested_receptions,nfl_cc_rate,nfl_receptions,nfl_rec_yards,nfl_rec_tds,nfl_yac,nfl_yac_per_rec
4363,DeSean Jackson,Ravens,2022,19,5,1,0.2,10,176,0,24,2.4
6156,A.J. Green,Cardinals,2022,52,15,8,0.5333333333333333,29,282,2,71,2.5
6158,Julio Jones,Buccaneers,2022,46,8,2,0.25,25,309,2,132,5.3
6158,Julio Jones,Eagles,2023,19,4,1,0.25,11,74,3,27,2.5
6216,Randall Cobb,Packers,2022,51,10,2,0.2,34,417,1,182,5.3
6216,Randall Cobb,Jets,2023,19,3,0,0.0,6,41,1,25,4.2
7092,T.Y. Hilton,Cowboys,2022,11,4,2,0.5,7,121,0,35,5.0
7158,Marvin Jones Jr.,Jaguars,2022,86,17,10,0.5882352941176471,47,537,3,99,2.1
7158,Marvin Jones Jr.,Lions,2023,10,0,0,,5,34,0,9,1.8
7330,Cole Beasley,Bills,2022,8,0,0,,6,35,0,15,2.5
7618,Josh Gordon,Titans,2022,1,0,0,,0,0,0,0,0.0
7808,DeAndre Hopkins,Cardinals,2022,98,23,11,0.4782608695652174,66,733,3,182,2.8
7808,DeAndre Hopkins,Titans,2023,141,24,5,0.2083333333333333,77,1083,7,238,3.1
7808,DeAndre Hopkins,Chiefs,2024,85,25,12,0.48,56,610,5,110,2.0
7808,DeAndre Hopkins,Ravens,2025,43,19,12,0.631578947368421,24,358,2,68,2.8
7822,Robert Woods,Titans,2022,84,16,7,0.4375,54,544,2,182,3.4
7822,Robert Woods,Texans,2023,72,20,8,0.4,41,435,1,135,3.3
7822,Robert Woods,Texans,2024,31,2,1,0.5,20,203,0,73,3.6
7857,Keenan Allen,Chargers,2022,88,12,5,0.4166666666666667,66,752,4,251,3.8
7857,Keenan Allen,Chargers,2023,156,21,11,0.5238095238095238,110,1273,7,399,3.6
7857,Keenan Allen,Bears,2024,127,25,15,0.6,74,773,7,243,3.3
7857,Keenan Allen,Chargers,2025,122,27,12,0.4444444444444444,82,808,4,247,3.0
7859,Marquise Goodwin,Seahawks,2022,41,8,4,0.5,28,408,4,145,5.2
7859,Marquise Goodwin,Browns,2023,13,2,0,0.0,4,67,0,21,5.3
8288,Adam Thielen,Vikings,2022,111,21,4,0.1904761904761904,72,719,6,164,2.3
8288,Adam Thielen,Panthers,2023,138,12,6,0.5,105,1022,4,351,3.3
8288,Adam Thielen,Panthers,2024,64,12,7,0.5833333333333334,48,615,5,156,3.3
8288,Adam Thielen,Steelers,2025,33,10,5,0.5,20,188,0,47,2.4
8639,Sammy Watkins,Ravens,2022,28,5,2,0.4,16,325,0,126,7.9
8642,Mike Evans,Buccaneers,2022,135,31,17,0.5483870967741935,79,1217,6,264,3.3
8642,Mike Evans,Buccaneers,2023,138,30,16,0.5333333333333333,81,1338,13,356,4.4
8642,Mike Evans,Buccaneers,2024,114,21,12,0.5714285714285714,75,1010,11,222,3.0
8642,Mike Evans,Buccaneers,2025,69,26,12,0.4615384615384615,32,409,3,36,1.1
8647,Odell Beckham Jr.,Ravens,2023,70,10,4,0.4,37,577,3,167,4.5
8647,Odell Beckham Jr.,Dolphins,2024,18,6,1,0.1666666666666666,9,55,0,15,1.7
8655,Brandin Cooks,Texans,2022,97,21,13,0.6190476190476191,60,783,3,211,3.5
8655,Brandin Cooks,Cowboys,2023,87,18,9,0.5,56,667,8,133,2.4
8655,Brandin Cooks,Cowboys,2024,55,14,4,0.2857142857142857,27,266,3,57,2.1
8655,Brandin Cooks,Bills,2025,36,13,10,0.7692307692307693,24,279,0,42,1.8
8688,Davante Adams,Raiders,2022,178,38,15,0.3947368421052631,104,1560,14,516,5.0
8688,Davante Adams,Raiders,2023,176,36,12,0.3333333333333333,104,1155,8,336,3.2
8688,Davante Adams,Jets,2024,145,29,13,0.4482758620689655,88,1112,8,473,5.4
8688,Davante Adams,Rams,2025,118,32,11,0.34375,62,826,14,121,1.9
8696,Allen Robinson II,Rams,2022,52,16,8,0.5,33,339,3,71,2.1
8696,Allen Robinson II,Steelers,2023,48,7,4,0.5714285714285714,35,288,0,81,2.3
8696,Allen Robinson II,Lions,2024,7,3,1,0.3333333333333333,3,30,0,3,1.0
8698,Jarvis Landry,Saints,2022,39,6,3,0.5,27,285,1,64,2.4
8726,John Brown,Bills,2022,2,1,0,0.0,1,42,1,0,0.0
8999,Willie Snead IV,49ers,2022,0,0,0,,0,0,0,0,0.0
8999,Willie Snead IV,49ers,2023,3,0,0,,2,14,0,3,1.5
9437,Amari Cooper,Browns,2022,136,28,16,0.5714285714285714,80,1211,9,319,4.0
9437,Amari Cooper,Browns,2023,136,32,16,0.5,73,1252,5,277,3.8
9437,Amari Cooper,Bills,2024,89,18,11,0.6111111111111112,46,646,4,179,3.9
9440,Kevin White,Saints,2022,5,2,0,0.0,2,74,0,68,34.0
9447,DeVante Parker,Patriots,2022,50,19,10,0.5263157894736842,31,539,3,105,3.4
9447,DeVante Parker,Patriots,2023,58,21,11,0.5238095238095238,34,402,0,132,3.9
9453,Nelson Agholor,Patriots,2022,52,7,2,0.2857142857142857,31,362,2,145,4.7
9453,Nelson Agholor,Ravens,2023,48,9,4,0.4444444444444444,36,389,4,150,4.2
9453,Nelson Agholor,Ravens,2024,30,12,3,0.25,16,282,2,89,5.6
9459,Breshad Perriman,Buccaneers,2022,19,7,0,0.0,9,110,1,53,5.9
9462,Phillip Dorsett,Texans,2022,43,4,2,0.5,21,263,1,57,2.7
9462,Phillip Dorsett,Broncos,2023,3,2,0,0.0,0,0,0,0,0.0
9502,Tyler Lockett,Seahawks,2022,115,15,5,0.3333333333333333,85,1040,9,276,3.3
9502,Tyler Lockett,Seahawks,2023,131,29,9,0.3103448275862069,84,924,5,237,2.8
9502,Tyler Lockett,Seahawks,2024,78,15,6,0.4,50,614,2,134,2.7
9502,Tyler Lockett,Raiders,2025,59,12,3,0.25,33,297,1,86,2.6
9509,Chris Conley,Titans,2022,7,3,2,0.6666666666666666,4,46,0,3,0.8
9509,Chris Conley,49ers,2023,5,1,0,0.0,3,69,0,29,9.7
9509,Chris Conley,49ers,2024,12,2,0,0.0,6,76,0,21,3.5
9527,Ty Montgomery,Patriots,2023,11,3,2,0.6666666666666666,5,40,0,30,6.0
9538,Jamison Crowder,Bills,2022,12,4,1,0.25,6,60,0,30,5.0
9538,Jamison Crowder,Commanders,2023,20,2,2,1.0,16,159,1,82,5.1
9538,Jamison Crowder,Commanders,2024,13,2,1,0.5,9,72,2,9,1.0
9579,Stefon Diggs,Bills,2022,163,30,12,0.4,113,1532,11,441,3.9
9579,Stefon Diggs,Bills,2023,165,31,12,0.3870967741935484,110,1198,8,407,3.7
9579,Stefon Diggs,Texans,2024,65,6,3,0.5,49,518,3,190,3.9
9579,Stefon Diggs,Patriots,2025,107,14,11,0.7857142857142857,86,1064,4,365,4.2
9859,DeAndre Carter,Chargers,2022,66,10,3,0.3,46,538,3,206,4.5
9859,DeAndre Carter,Raiders,2023,7,0,0,,4,39,0,49,12.3
9859,DeAndre Carter,Bears,2024,17,3,0,0.0,9,72,0,32,3.6
9883,Jake Kumerow,Bills,2022,7,1,1,1.0,4,64,0,19,4.8
9964,Damiere Byrd,Falcons,2022,22,5,1,0.2,13,268,2,104,8.0
9964,Damiere Byrd,Falcons,2023,2,1,0,0.0,0,0,0,0,0.0
10657,Laquon Treadwell,Seahawks,2022,9,1,0,0.0,6,42,0,12,2.0
10657,Laquon Treadwell,Ravens,2023,3,1,1,1.0,1,16,0,0,0.0
10657,Laquon Treadwell,Colts,2024,0,0,0,,0,0,0,0,0.0
10657,Laquon Treadwell,Colts,2025,0,0,0,,0,0,0,0,0.0
10674,Sterling Shepard,Giants,2022,23,5,2,0.4,13,154,1,52,4.0
10674,Sterling Shepard,Giants,2023,22,5,0,0.0,11,63,1,33,3.0
10674,Sterling Shepard,Buccaneers,2024,52,12,9,0.75,33,336,1,94,2.9
10674,Sterling Shepard,Buccaneers,2025,59,13,5,0.3846153846153846,40,385,1,157,3.9
10681,Michael Thomas,Saints,2022,25,11,9,0.8181818181818182,18,194,3,26,1.4
10681,Michael Thomas,Saints,2023,66,19,8,0.4210526315789473,39,448,1,106,2.7
10689,Tyler Boyd,Bengals,2022,88,17,10,0.5882352941176471,61,782,6,252,4.1
10689,Tyler Boyd,Bengals,2023,96,15,6,0.4,69,687,2,303,4.4
10689,Tyler Boyd,Titans,2024,59,13,6,0.4615384615384615,39,390,0,199,5.1
10741,Chris Moore,Texans,2022,76,14,6,0.4285714285714285,49,554,2,268,5.5
10741,Chris Moore,Titans,2023,39,12,5,0.4166666666666667,23,451,0,82,3.6
10741,Chris Moore,Cardinals,2024,0,0,0,,0,0,0,0,0.0
10741,Chris Moore,Commanders,2025,23,8,3,0.375,11,207,1,55,5.0
10751,Pharoh Cooper,Cardinals,2022,2,0,0,,2,6,0,12,6.0
10760,Demarcus Robinson,Ravens,2022,76,8,4,0.5,48,458,2,150,3.1
10760,Demarcus Robinson,Rams,2023,40,7,6,0.8571428571428571,26,371,4,91,3.5
10760,Demarcus Robinson,Rams,2024,69,16,8,0.5,33,568,7,82,2.5
10760,Demarcus Robinson,49ers,2025,32,8,6,0.75,23,279,1,38,1.6
10799,Tyreek Hill,Dolphins,2022,181,26,13,0.5,124,1754,7,537,4.3
10799,Tyreek Hill,Dolphins,2023,174,21,7,0.3333333333333333,123,1841,13,666,5.4
10799,Tyreek Hill,Dolphins,2024,127,26,10,0.3846153846153846,84,1001,6,291,3.5
10799,Tyreek Hill,Dolphins,2025,31,3,3,1.0,22,279,1,66,3.0
10806,Rashard Higgins,Panthers,2022,0,0,0,,0,0,0,0,0.0
10840,Mike Thomas,Bengals,2022,11,2,0,0.0,3,40,0,24,8.0
11028,Kalif Raymond,Lions,2022,65,8,3,0.375,47,616,0,227,4.8
11028,Kalif Raymond,Lions,2023,43,2,0,0.0,35,489,1,214,6.1
11028,Kalif Raymond,Lions,2024,23,2,1,0.5,17,215,2,137,8.1
11028,Kalif Raymond,Lions,2025,30,3,3,1.0,24,289,1,164,6.8
11074,Marcus Johnson,Giants,2022,22,4,1,0.25,9,99,0,37,4.1
11107,Alex Erickson,Chargers,2023,28,5,2,0.4,16,237,1,62,3.9
11107,Alex Erickson,Patriots,2024,0,0,0,,0,0,0,0,0.0
11254,Robbie Chosen,Cardinals,2022,44,9,2,0.2222222222222222,20,282,1,97,4.8
11254,Robbie Chosen,Dolphins,2023,6,0,0,,4,126,1,30,7.5
11254,Robbie Chosen,Dolphins,2024,4,1,0,0.0,1,5,0,1,1.0
11254,Robbie Chosen,Commanders,2025,11,4,1,0.25,5,53,0,6,1.2
11760,Corey Davis,Jets,2022,59,19,9,0.4736842105263157,33,546,2,120,3.6
11762,Mike Williams,Chargers,2022,90,26,15,0.5769230769230769,63,895,4,321,5.1
11762,Mike Williams,Chargers,2023,25,7,5,0.7142857142857143,19,249,1,105,5.5
11762,Mike Williams,Steelers,2024,41,14,9,0.6428571428571429,23,328,1,34,1.5
11764,John Ross,Eagles,2024,2,0,0,,1,6,0,2,2.0
11792,Zay Jones,Jaguars,2022,120,12,5,0.4166666666666667,83,825,5,299,3.6
11792,Zay Jones,Jaguars,2023,65,14,5,0.3571428571428571,34,321,2,61,1.8
11792,Zay Jones,Cardinals,2024,15,3,0,0.0,8,84,0,19,2.4
11792,Zay Jones,Cardinals,2025,17,3,1,0.3333333333333333,12,183,0,33,2.8
11795,Curtis Samuel,Commanders,2022,94,20,8,0.4,68,696,4,308,4.5
11795,Curtis Samuel,Commanders,2023,90,18,9,0.5,63,613,4,267,4.2
11795,Curtis Samuel,Bills,2024,46,8,3,0.375,32,262,1,176,5.5
11795,Curtis Samuel,Bills,2025,9,1,1,1.0,7,81,1,27,3.9
11817,JuJu Smith-Schuster,Chiefs,2022,99,13,5,0.3846153846153846,79,939,3,463,5.9
11817,JuJu Smith-Schuster,Patriots,2023,46,13,8,0.6153846153846154,29,260,1,95,3.3
11817,JuJu Smith-Schuster,Chiefs,2024,29,6,1,0.1666666666666666,19,251,2,159,8.4
11817,JuJu Smith-Schuster,Chiefs,2025,46,8,3,0.375,34,359,1,194,5.7
11824,Cooper Kupp,Rams,2022,99,13,7,0.5384615384615384,75,812,6,419,5.6
11824,Cooper Kupp,Rams,2023,98,10,5,0.5,62,757,5,337,5.4
11824,Cooper Kupp,Rams,2024,102,19,8,0.4210526315789473,67,710,6,266,4.0
11824,Cooper Kupp,Seahawks,2025,73,12,6,0.5,49,598,2,290,5.9
11839,Chris Godwin,Buccaneers,2022,144,28,16,0.5714285714285714,108,1075,3,525,4.9
11839,Chris Godwin,Buccaneers,2023,133,27,16,0.5925925925925926,88,1048,2,391,4.4
11839,Chris Godwin,Buccaneers,2024,64,9,4,0.4444444444444444,52,591,5,348,6.7
11839,Chris Godwin,Buccaneers,2025,51,14,7,0.5,35,371,2,209,6.0
11851,Kenny Golladay,Giants,2022,18,7,1,0.1428571428571428,7,101,1,11,1.6
11872,Josh Reynolds,Lions,2022,60,11,6,0.5454545454545454,39,499,3,117,3.0
11872,Josh Reynolds,Lions,2023,66,14,8,0.5714285714285714,40,608,5,180,4.5
11872,Josh Reynolds,Jaguars,2024,24,8,3,0.375,13,194,1,42,3.2
11872,Josh Reynolds,Jets,2025,23,8,2,0.25,13,110,0,15,1.1
11873,Mack Hollins,Raiders,2022,91,16,6,0.375,57,690,4,206,3.6
11873,Mack Hollins,Falcons,2023,29,5,3,0.6,18,251,0,59,3.3
11873,Mack Hollins,Bills,2024,53,10,5,0.5,31,378,5,93,3.0
11873,Mack Hollins,Patriots,2025,66,14,8,0.5714285714285714,47,558,2,115,2.5
11920,Jamal Agnew,Jaguars,2022,32,2,1,0.5,24,189,3,138,5.8
11920,Jamal Agnew,Jaguars,2023,21,3,2,0.6666666666666666,14,225,1,81,5.8
11927,Isaiah McKenzie,Bills,2022,65,11,4,0.3636363636363636,42,423,4,129,3.1
11927,Isaiah McKenzie,Colts,2023,16,3,1,0.3333333333333333,11,82,0,74,6.7
11932,Trent Taylor,Bengals,2022,11,2,0,0.0,6,62,0,42,7.0
11932,Trent Taylor,Bears,2023,2,1,0,0.0,1,16,0,10,10.0
11932,Trent Taylor,49ers,2024,1,0,0,,1,11,0,2,2.0
11981,David Moore,Buccaneers,2023,7,1,0,0.0,5,94,1,63,12.6
11981,David Moore,Panthers,2024,58,19,8,0.4210526315789473,33,358,3,65,2.0
11981,David Moore,Panthers,2025,1,0,0,,1,5,0,0,0.0
11993,Noah Brown,Cowboys,2022,79,23,9,0.391304347826087,44,560,3,127,2.9
11993,Noah Brown,Texans,2023,64,10,2,0.2,37,631,2,239,6.5
11993,Noah Brown,Commanders,2024,61,15,6,0.4,36,468,1,88,2.4
11993,Noah Brown,Commanders,2025,12,5,2,0.4,6,102,0,24,4.0
12052,Cody Hollister,Titans,2022,5,1,1,1.0,3,54,0,8,2.7
12087,Tim Patrick,Lions,2024,47,3,1,0.3333333333333333,34,396,3,141,4.2
12087,Tim Patrick,Jaguars,2025,26,8,3,0.375,16,195,3,64,4.0
12088,C.J. Board,Titans,2022,1,0,0,,1,6,0,0,0.0
12137,Marcus Kemp,Chiefs,2022,0,0,0,,0,0,0,0,0.0
12170,Tanner Gentry,Bills,2022,1,0,0,,0,0,0,0,0.0
12270,Kendrick Bourne,Patriots,2022,50,6,3,0.5,38,456,1,145,3.8
12270,Kendrick Bourne,Patriots,2023,57,5,0,0.0,38,417,4,207,5.5
12270,Kendrick Bourne,Patriots,2024,42,12,6,0.5,31,338,1,113,3.6
12270,Kendrick Bourne,49ers,2025,51,11,6,0.5454545454545454,37,551,0,167,4.5
12303,Zach Pascal,Eagles,2022,19,3,2,0.6666666666666666,15,150,1,89,5.9
12303,Zach Pascal,Cardinals,2023,13,5,1,0.2,4,19,0,14,3.5
12303,Zach Pascal,Cardinals,2024,0,0,0,,0,0,0,0,0.0
13534,Penny Hart,Seahawks,2022,5,2,1,0.5,3,20,0,12,4.0
23226,Kwamie Lassiter II,Bengals,2022,0,0,0,,0,0,0,0,0.0
23226,Kwamie Lassiter II,Bengals,2023,1,0,0,,1,2,0,4,4.0
23503,K.J. Osborn,Vikings,2022,89,11,4,0.3636363636363636,63,675,5,307,4.9
23503,K.J. Osborn,Vikings,2023,76,13,3,0.2307692307692307,48,540,3,186,3.9
23503,K.J. Osborn,Commanders,2024,17,5,2,0.4,7,57,1,15,2.1
25276,Samori Toure,Packers,2022,10,0,0,,5,82,1,10,2.0
25276,Samori Toure,Packers,2023,19,5,1,0.2,9,80,0,19,2.1
25276,Samori Toure,Saints,2025,3,0,0,,1,3,0,0,0.0
25578,Darius Slayton,Giants,2022,77,17,8,0.4705882352941176,47,731,2,269,5.7
25578,Darius Slayton,Giants,2023,79,11,2,0.1818181818181818,50,770,4,302,6.0
25578,Darius Slayton,Giants,2024,79,22,13,0.5909090909090909,41,640,2,183,4.5
25578,Darius Slayton,Giants,2025,68,12,4,0.3333333333333333,41,681,1,272,6.6
26075,Michael Gallup,Cowboys,2022,76,20,8,0.4,39,424,4,110,2.8
26075,Michael Gallup,Cowboys,2023,62,21,7,0.3333333333333333,34,418,2,104,3.1
26104,KhaDarel Hodge,Falcons,2022,20,5,2,0.4,14,204,1,61,4.4
26104,KhaDarel Hodge,Falcons,2023,24,2,1,0.5,14,232,0,85,6.1
26104,KhaDarel Hodge,Falcons,2024,12,3,2,0.6666666666666666,7,131,1,89,12.7
26104,KhaDarel Hodge,Falcons,2025,10,2,0,0.0,3,31,0,9,3.0
26448,Freddie Swain,Broncos,2022,6,0,0,,4,74,0,29,7.3
27948,Ben Skowronek,Rams,2022,59,6,2,0.3333333333333333,39,376,0,143,3.7
27948,Ben Skowronek,Rams,2023,13,2,0,0.0,8,66,1,31,3.9
27948,Ben Skowronek,Steelers,2024,5,0,0,,5,69,0,29,5.8
27948,Ben Skowronek,Steelers,2025,6,0,0,,4,69,1,25,6.3
28304,Irvin Charles,Jets,2023,0,0,0,,0,0,0,0,0.0
28304,Irvin Charles,Jets,2024,0,0,0,,0,0,0,0,0.0
28486,Bryan Edwards,Falcons,2022,5,1,0,0.0,3,15,0,11,3.7
28729,Kristian Wilkerson,Raiders,2023,0,0,0,,0,0,0,0,0.0
28729,Kristian Wilkerson,Raiders,2024,3,0,0,,2,18,1,12,6.0
28991,Richie James,Giants,2022,70,10,6,0.6,59,581,4,195,3.3
28991,Richie James,Chiefs,2023,14,3,1,0.3333333333333333,10,114,0,64,6.4
29049,Michael Pittman Jr.,Colts,2022,145,32,16,0.5,103,952,4,356,3.5
29049,Michael Pittman Jr.,Colts,2023,161,31,15,0.4838709677419355,114,1193,4,528,4.6
29049,Michael Pittman Jr.,Colts,2024,110,29,15,0.5172413793103449,70,804,3,260,3.7
29049,Michael Pittman Jr.,Colts,2025,118,16,7,0.4375,86,846,7,290,3.4
29557,Lucky Jackson,Vikings,2023,0,0,0,,0,0,0,0,0.0
29573,D'Wayne Eskridge,Seahawks,2022,13,1,0,0.0,7,58,0,45,6.4
29573,D'Wayne Eskridge,Seahawks,2023,1,0,0,,0,0,0,0,0.0
29573,D'Wayne Eskridge,Dolphins,2024,3,0,0,,3,44,0,29,9.7
29573,D'Wayne Eskridge,Dolphins,2025,6,2,2,1.0,4,62,0,8,2.0
29614,Quintez Cephus,Lions,2022,3,0,0,,2,15,0,4,2.0
32933,Britain Covey,Eagles,2022,0,0,0,,0,0,0,0,0.0
32933,Britain Covey,Eagles,2023,6,1,0,0.0,4,42,0,26,6.5
32933,Britain Covey,Eagles,2024,10,1,1,1.0,9,55,0,47,5.2
32933,Britain Covey,Eagles,2025,4,1,0,0.0,2,20,0,19,9.5
33441,Diontae Johnson,Steelers,2022,157,24,9,0.375,92,924,0,244,2.6
33441,Diontae Johnson,Steelers,2023,93,17,6,0.3529411764705882,53,737,5,282,5.3
33441,Diontae Johnson,Texans,2024,68,15,7,0.4666666666666667,33,375,3,97,2.9
33465,Maurice Alexander,Lions,2022,1,0,0,,1,7,0,5,5.0
33465,Maurice Alexander,Bears,2025,0,0,0,,0,0,0,0,0.0
34045,Kendall Hinton,Broncos,2022,33,1,0,0.0,24,311,0,135,5.6
34061,Dan Chisena,Panthers,2024,4,1,1,1.0,3,37,0,10,3.3
34164,Jalen Guyton,Chargers,2022,4,2,1,0.5,2,64,0,8,4.0
34164,Jalen Guyton,Chargers,2023,22,7,2,0.2857142857142857,10,89,1,32,3.2
34255,Jacob Harris,Rams,2022,1,0,0,,1,6,0,3,3.0
34255,Jacob Harris,Jaguars,2023,0,0,0,,0,0,0,0,0.0
34427,Tyron Johnson,Texans,2022,1,0,0,,1,8,0,10,10.0
34579,David Sills V,Giants,2022,18,1,1,1.0,12,123,0,41,3.4
34579,David Sills V,Broncos,2023,0,0,0,,0,0,0,0,0.0
34579,David Sills V,Falcons,2025,38,5,2,0.4,18,191,2,59,3.3
35096,Kirk Merritt,Saints,2022,1,0,0,,0,0,0,0,0.0
35096,Kirk Merritt,Saints,2023,0,0,0,,0,0,0,0,0.0
38275,Juwann Winfree,Packers,2022,5,0,0,,2,20,0,6,3.0
38275,Juwann Winfree,Colts,2023,1,0,0,,0,0,0,0,0.0
38855,Preston Williams,Panthers,2022,0,0,0,,0,0,0,0,0.0
40006,Devin Duvernay,Ravens,2022,50,5,3,0.6,37,407,3,160,4.3
40006,Devin Duvernay,Ravens,2023,9,3,0,0.0,4,18,0,18,4.5
40006,Devin Duvernay,Jaguars,2024,16,3,3,1.0,11,79,0,65,5.9
40006,Devin Duvernay,Bears,2025,6,3,2,0.6666666666666666,3,30,0,0,0.0
40408,Kendric Pryor,Bengals,2024,1,1,1,1.0,1,9,0,0,0.0
40568,Demetric Felton Jr.,Browns,2022,5,0,0,,2,8,0,11,5.5
40573,Velus Jones Jr.,Bears,2022,12,3,1,0.3333333333333333,7,107,1,42,6.0
40573,Velus Jones Jr.,Bears,2023,8,2,0,0.0,4,20,0,14,3.5
40666,Brandon Johnson,Broncos,2022,12,3,1,0.3333333333333333,6,42,1,13,2.2
40666,Brandon Johnson,Broncos,2023,32,8,3,0.375,20,286,4,95,4.8
40666,Brandon Johnson,Steelers,2024,1,0,0,,1,9,0,5,5.0
40689,Cornell Powell,Chiefs,2022,0,0,0,,0,0,0,0,0.0
40986,Jalen Camp,Texans,2022,1,1,1,1.0,1,7,0,0,0.0
40988,Frank Darby,Falcons,2022,1,0,0,,1,15,0,0,0.0
41247,Trishton Jackson,Vikings,2023,5,3,1,0.3333333333333333,3,11,0,7,2.3
41247,Trishton Jackson,Vikings,2024,0,0,0,,0,0,0,0,0.0
41406,Javon Wims,Cardinals,2022,0,0,0,,0,0,0,0,0.0
41991,Jalen Virgil,Broncos,2022,4,0,0,,2,75,1,43,21.5
41991,Jalen Virgil,Bills,2024,0,0,0,,0,0,0,0,0.0
42109,Cade Johnson,Seahawks,2022,4,1,0,0.0,2,21,0,7,3.5
42134,Tyrie Cleveland,Broncos,2022,7,0,0,,2,28,0,17,8.5
42198,Binjimen Victor,Ravens,2022,0,0,0,,0,0,0,0,0.0
42237,Greg Dortch,Cardinals,2022,64,11,4,0.3636363636363636,52,462,2,309,5.9
42237,Greg Dortch,Cardinals,2023,42,8,2,0.25,25,292,2,156,6.2
42237,Greg Dortch,Cardinals,2024,48,8,4,0.5,38,352,3,310,8.2
42237,Greg Dortch,Cardinals,2025,36,4,2,0.5,31,217,3,214,6.9
42247,Lil'Jordan Humphrey,Patriots,2022,3,0,0,,2,20,0,15,7.5
42247,Lil'Jordan Humphrey,Broncos,2023,20,2,1,0.5,13,162,3,98,7.5
42247,Lil'Jordan Humphrey,Broncos,2024,44,4,1,0.25,31,293,1,192,6.2
42247,Lil'Jordan Humphrey,Broncos,2025,24,5,2,0.4,13,156,1,33,2.5
42295,Marquez Callaway,Saints,2022,33,10,4,0.4,16,158,1,39,2.4
42295,Marquez Callaway,Saints,2023,0,0,0,,0,0,0,0,0.0
42295,Marquez Callaway,Buccaneers,2024,0,0,0,,0,0,0,0,0.0
42312,Chase Claypool,Bears,2022,80,20,9,0.45,46,451,1,142,3.1
42312,Chase Claypool,Dolphins,2023,19,5,0,0.0,8,77,1,26,3.3
42345,Byron Pringle,Bears,2022,15,3,3,1.0,10,135,2,15,1.5
42345,Byron Pringle,Commanders,2023,22,3,2,0.6666666666666666,14,161,0,34,2.4
42349,Dez Fitzpatrick,Titans,2022,0,0,0,,0,0,0,0,0.0
42349,Dez Fitzpatrick,Chargers,2024,0,0,0,,0,0,0,0,0.0
42683,Mecole Hardman Jr.,Chiefs,2022,38,4,2,0.5,25,297,4,164,6.6
42683,Mecole Hardman Jr.,Chiefs,2023,22,3,1,0.3333333333333333,15,124,0,108,7.2
42683,Mecole Hardman Jr.,Chiefs,2024,14,0,0,,12,90,0,101,8.4
42683,Mecole Hardman Jr.,Bills,2025,1,1,0,0.0,0,0,0,0,0.0
44771,Russell Gage,Buccaneers,2022,75,10,7,0.7,54,440,5,181,3.4
44771,Russell Gage,49ers,2025,1,0,0,,0,0,0,0,0.0
44920,Olamide Zaccheaus,Falcons,2022,65,6,2,0.3333333333333333,40,533,3,202,5.0
44920,Olamide Zaccheaus,Eagles,2023,19,5,2,0.4,11,179,2,54,4.9
44920,Olamide Zaccheaus,Commanders,2024,68,8,4,0.5,49,549,3,327,6.7
44920,Olamide Zaccheaus,Bears,2025,65,11,7,0.6363636363636364,39,313,2,144,3.7
47417,River Cracraft,Dolphins,2022,15,3,1,0.3333333333333333,10,134,2,48,4.8
47417,River Cracraft,Dolphins,2023,12,1,0,0.0,9,121,1,52,5.8
47417,River Cracraft,Dolphins,2024,8,2,1,0.5,7,66,0,12,1.7
47417,River Cracraft,Commanders,2025,0,0,0,,0,0,0,0,0.0
47447,Van Jefferson,Rams,2022,49,9,3,0.3333333333333333,26,392,3,38,1.5
47447,Van Jefferson,Falcons,2023,44,9,4,0.4444444444444444,21,220,0,23,1.1
47447,Van Jefferson,Steelers,2024,43,7,3,0.4285714285714285,25,283,2,81,3.2
47447,Van Jefferson,Titans,2025,55,11,6,0.5454545454545454,31,388,1,113,3.6
47448,Andy Isabella,Ravens,2022,5,1,0,0.0,2,21,0,5,2.5
47448,Andy Isabella,Bills,2023,0,0,0,,0,0,0,0,0.0
47468,Jakobi Meyers,Patriots,2022,105,25,13,0.52,70,826,6,248,3.5
47468,Jakobi Meyers,Raiders,2023,113,23,12,0.5217391304347826,72,857,8,246,3.4
47468,Jakobi Meyers,Raiders,2024,135,26,17,0.6538461538461539,92,1075,4,328,3.6
47468,Jakobi Meyers,Jaguars,2025,109,24,12,0.5,75,835,3,290,3.9
47481,Scott Miller,Buccaneers,2022,42,14,5,0.3571428571428571,23,185,0,36,1.6
47481,Scott Miller,Falcons,2023,17,5,3,0.6,11,161,2,81,7.4
47481,Scott Miller,Steelers,2024,9,2,1,0.5,5,69,0,35,7.0
47481,Scott Miller,Steelers,2025,13,1,1,1.0,10,88,0,42,4.2
47509,Hunter Renfrow,Raiders,2022,51,4,3,0.75,37,333,2,168,4.5
47509,Hunter Renfrow,Raiders,2023,40,4,0,0.0,27,266,0,161,6.0
47509,Hunter Renfrow,Panthers,2025,26,6,3,0.5,15,89,2,21,1.4
47546,Christian Kirk,Jaguars,2022,126,18,5,0.2777777777777778,85,1124,8,396,4.7
47546,Christian Kirk,Jaguars,2023,83,7,2,0.2857142857142857,57,787,3,251,4.4
47546,Christian Kirk,Jaguars,2024,49,10,3,0.3,28,381,1,114,4.1
47546,Christian Kirk,Texans,2025,54,11,2,0.1818181818181818,29,260,1,120,4.1
47658,KaVontae Turpin,Cowboys,2022,1,0,0,,1,9,0,5,5.0
47658,KaVontae Turpin,Cowboys,2023,20,4,2,0.5,12,127,3,39,3.3
47658,KaVontae Turpin,Cowboys,2024,49,6,1,0.1666666666666666,32,432,2,264,8.3
47658,KaVontae Turpin,Cowboys,2025,41,2,1,0.5,27,419,2,218,8.1
47663,DJ Turner,Raiders,2022,1,0,0,,0,0,0,0,0.0
47663,DJ Turner,Raiders,2024,29,7,5,0.7142857142857143,16,158,1,83,5.2
47698,Keke Coutee,Colts,2022,1,0,0,,1,20,0,10,10.0
47702,DJ Chark Jr.,Lions,2022,52,16,8,0.5,30,502,3,138,4.6
47702,DJ Chark Jr.,Panthers,2023,70,19,10,0.5263157894736842,36,551,5,95,2.6
47702,DJ Chark Jr.,Chargers,2024,9,2,1,0.5,4,31,1,7,1.8
47792,James Washington,Cowboys,2022,1,1,0,0.0,0,0,0,0,0.0
47800,Denzel Mims,Jets,2022,25,8,2,0.25,11,186,0,78,7.1
47808,Collin Johnson,Bears,2023,1,0,0,,1,11,0,4,4.0
47808,Collin Johnson,Bears,2024,2,1,0,0.0,1,6,0,3,3.0
47809,Marquez Valdes-Scantling,Chiefs,2022,84,15,5,0.3333333333333333,43,702,2,129,3.0
47809,Marquez Valdes-Scantling,Chiefs,2023,45,8,2,0.25,22,365,1,110,5.0
47809,Marquez Valdes-Scantling,Saints,2024,44,10,1,0.1,19,411,4,141,7.4
47809,Marquez Valdes-Scantling,Steelers,2025,29,6,1,0.1666666666666666,14,120,1,32,2.3
47861,Nick Westbrook-Ikhine,Titans,2022,49,22,7,0.3181818181818182,27,409,3,109,4.0
47861,Nick Westbrook-Ikhine,Titans,2023,48,11,2,0.1818181818181818,30,397,3,125,4.2
47861,Nick Westbrook-Ikhine,Titans,2024,60,15,8,0.5333333333333333,33,520,9,138,4.2
47861,Nick Westbrook-Ikhine,Dolphins,2025,22,4,1,0.25,12,96,0,31,2.6
47864,D.K. Metcalf,Seahawks,2022,151,49,22,0.4489795918367347,93,1156,6,238,2.6
47864,D.K. Metcalf,Seahawks,2023,124,36,10,0.2777777777777778,68,1131,8,370,5.4
47864,D.K. Metcalf,Seahawks,2024,123,47,16,0.3404255319148936,71,1073,5,290,4.1
47864,D.K. Metcalf,Steelers,2025,107,24,9,0.375,64,903,6,426,6.7
47895,Ray-Ray McCloud III,49ers,2022,25,3,2,0.6666666666666666,16,263,1,97,6.1
47895,Ray-Ray McCloud III,49ers,2023,15,1,0,0.0,12,135,0,88,7.3
47895,Ray-Ray McCloud III,Falcons,2024,84,17,8,0.4705882352941176,64,701,1,347,5.4
47895,Ray-Ray McCloud III,Giants,2025,13,1,1,1.0,7,69,0,43,6.1
47901,Andre Baccellia,Cardinals,2022,10,1,1,1.0,7,45,0,13,1.9
47901,Andre Baccellia,Cardinals,2023,0,0,0,,0,0,0,0,0.0
47901,Andre Baccellia,Cardinals,2025,4,0,0,,2,8,0,7,3.5
47908,Cam Sims,Commanders,2022,19,5,2,0.4,8,89,0,22,2.8
47940,Parris Campbell,Colts,2022,91,14,4,0.2857142857142857,63,623,3,285,4.5
47940,Parris Campbell,Giants,2023,28,3,2,0.6666666666666666,21,107,0,69,3.3
47940,Parris Campbell,Eagles,2024,7,1,1,1.0,7,32,1,8,1.1
47961,Braxton Berrios,Jets,2022,34,6,4,0.6666666666666666,20,160,0,115,5.8
47961,Braxton Berrios,Dolphins,2023,34,4,2,0.5,27,238,1,86,3.2
47961,Braxton Berrios,Dolphins,2024,6,2,0,0.0,1,2,0,0,0.0
47961,Braxton Berrios,Texans,2025,8,1,0,0.0,6,37,0,18,3.0
47967,Equanimeous St. Brown,Bears,2022,40,8,2,0.25,21,323,1,98,4.7
47967,Equanimeous St. Brown,Bears,2023,7,0,0,,6,69,0,8,1.3
47967,Equanimeous St. Brown,Saints,2024,0,0,0,,0,0,0,0,0.0
47996,Alex Bachman,Raiders,2024,3,0,0,,3,31,0,10,3.3
47996,Alex Bachman,Raiders,2025,3,2,1,0.5,2,12,0,2,1.0
48017,Keith Kirkwood,Saints,2022,4,2,1,0.5,2,18,0,3,1.5
48017,Keith Kirkwood,Saints,2023,9,1,1,1.0,5,37,1,2,0.4
48021,Trent Sherfield,Dolphins,2022,50,9,6,0.6666666666666666,32,446,2,144,4.5
48021,Trent Sherfield,Bills,2023,24,6,2,0.3333333333333333,11,86,1,47,4.3
48021,Trent Sherfield,Vikings,2024,9,0,0,,8,83,1,38,4.8
48021,Trent Sherfield,Cardinals,2025,5,0,0,,3,21,0,13,4.3
48027,Jauan Jennings,49ers,2022,53,4,2,0.5,35,416,1,176,5.0
48027,Jauan Jennings,49ers,2023,31,6,2,0.3333333333333333,19,265,1,92,4.8
48027,Jauan Jennings,49ers,2024,115,32,20,0.625,77,975,6,239,3.1
48027,Jauan Jennings,49ers,2025,95,35,20,0.5714285714285714,57,655,9,180,3.2
48036,Brandon Powell,Rams,2022,32,2,1,0.5,25,161,0,185,7.4
48036,Brandon Powell,Vikings,2023,45,7,2,0.2857142857142857,29,324,1,102,3.5
48036,Brandon Powell,Vikings,2024,10,1,0,0.0,7,71,0,11,1.6
48037,James Proche II,Ravens,2022,18,1,0,0.0,9,85,0,17,1.9
48037,James Proche II,Browns,2023,4,2,0,0.0,0,0,0,0,0.0
48037,James Proche II,Browns,2024,3,1,1,1.0,3,21,0,4,1.3
48037,James Proche II,Titans,2025,13,3,2,0.6666666666666666,8,86,0,13,1.6
48054,Tyler Johnson,Texans,2022,0,0,0,,0,0,0,0,0.0
48054,Tyler Johnson,Rams,2023,4,1,1,1.0,2,8,1,1,0.5
48054,Tyler Johnson,Rams,2024,41,9,5,0.5555555555555556,27,292,1,187,6.9
48054,Tyler Johnson,Jets,2025,16,4,2,0.5,12,197,1,66,5.5
48055,Jeff Smith,Jets,2022,12,2,0,0.0,8,134,0,41,5.1
48078,Malik Turner,49ers,2025,0,0,0,,0,0,0,0,0.0
48080,Trenton Irwin,Bengals,2022,23,7,4,0.5714285714285714,15,231,4,61,4.1
48080,Trenton Irwin,Bengals,2023,35,5,2,0.4,26,324,1,116,4.5
48080,Trenton Irwin,Bengals,2024,10,4,0,0.0,3,15,0,5,1.7
48107,Nsimba Webster,Bears,2022,3,1,0,0.0,2,14,0,5,2.5
48110,Stanley Morgan,Bengals,2022,1,0,0,,0,0,0,0,0.0
48110,Stanley Morgan,Bengals,2023,0,0,0,,0,0,0,0,0.0
48113,Dante Pettis,Bears,2022,41,10,2,0.2,22,246,3,61,2.8
48113,Dante Pettis,Saints,2024,25,3,1,0.3333333333333333,13,122,1,35,2.7
48113,Dante Pettis,Saints,2025,12,2,0,0.0,9,127,0,86,9.6
48135,Allen Lazard,Packers,2022,102,27,9,0.3333333333333333,60,788,6,266,4.4
48135,Allen Lazard,Jets,2023,50,18,5,0.2777777777777778,24,317,1,56,2.3
48135,Allen Lazard,Jets,2024,63,17,8,0.4705882352941176,38,543,6,162,4.3
48135,Allen Lazard,Jets,2025,18,8,3,0.375,10,70,1,36,3.6
48143,Keelan Doss,Chargers,2023,12,1,0,0.0,7,38,0,16,2.3
48152,Cody Thompson,Seahawks,2023,1,0,0,,1,10,0,3,3.0
48152,Cody Thompson,Buccaneers,2024,0,0,0,,0,0,0,0,0.0
48160,Anthony Miller,Ravens,2024,1,1,1,1.0,1,16,0,0,0.0
48164,Courtland Sutton,Broncos,2022,115,40,16,0.4,66,881,2,138,2.1
48164,Courtland Sutton,Broncos,2023,98,23,12,0.5217391304347826,62,821,10,168,2.7
48164,Courtland Sutton,Broncos,2024,142,37,20,0.5405405405405406,84,1136,8,210,2.5
48164,Courtland Sutton,Broncos,2025,129,36,19,0.5277777777777778,78,1064,7,214,2.7
48170,Cedrick Wilson Jr.,Dolphins,2022,17,5,2,0.4,12,136,0,51,4.3
48170,Cedrick Wilson Jr.,Dolphins,2023,42,12,5,0.4166666666666667,22,296,3,61,2.8
48170,Cedrick Wilson Jr.,Saints,2024,31,4,0,0.0,23,253,1,100,4.3
48170,Cedrick Wilson Jr.,Dolphins,2025,10,3,1,0.3333333333333333,5,44,0,27,5.4
48209,Miles Boykin,Steelers,2022,3,1,1,1.0,2,11,0,0,0.0
48209,Miles Boykin,Steelers,2023,5,2,0,0.0,3,17,0,1,0.3
48228,Tre'Quan Smith,Saints,2022,27,6,4,0.6666666666666666,20,290,1,62,3.1
48228,Tre'Quan Smith,Broncos,2023,0,0,0,,0,0,0,0,0.0
48229,Terry McLaurin,Commanders,2022,121,27,17,0.6296296296296297,77,1191,5,396,5.1
48229,Terry McLaurin,Commanders,2023,136,27,13,0.4814814814814814,81,1023,4,361,4.5
48229,Terry McLaurin,Commanders,2024,121,35,24,0.6857142857142857,85,1121,13,301,3.5
48229,Terry McLaurin,Commanders,2025,65,17,9,0.5294117647058824,39,612,3,100,2.6
48236,Darnell Mooney,Bears,2022,60,6,5,0.8333333333333334,40,493,2,170,4.3
48236,Darnell Mooney,Bears,2023,57,11,2,0.1818181818181818,31,414,1,185,6.0
48236,Darnell Mooney,Falcons,2024,110,28,9,0.3214285714285714,65,992,5,271,4.2
48236,Darnell Mooney,Falcons,2025,77,14,2,0.1428571428571428,32,443,1,73,2.3
48262,Calvin Ridley,Jaguars,2023,146,27,9,0.3333333333333333,80,1097,8,209,2.6
48262,Calvin Ridley,Titans,2024,119,26,11,0.4230769230769231,66,1104,4,243,3.7
48262,Calvin Ridley,Titans,2025,36,8,1,0.125,17,303,0,86,5.1
48267,DJ Moore,Panthers,2022,118,26,14,0.5384615384615384,64,892,7,191,3.0
48267,DJ Moore,Bears,2023,135,29,15,0.5172413793103449,96,1364,8,550,5.7
48267,DJ Moore,Bears,2024,154,27,13,0.4814814814814814,107,1041,6,625,5.8
48267,DJ Moore,Bears,2025,82,14,8,0.5714285714285714,50,682,6,224,4.5
48274,Deebo Samuel,49ers,2022,91,15,4,0.2666666666666666,57,637,2,499,8.8
48274,Deebo Samuel,49ers,2023,93,17,7,0.4117647058823529,63,920,7,519,8.2
48274,Deebo Samuel,49ers,2024,84,15,5,0.3333333333333333,55,762,3,472,8.6
48274,Deebo Samuel,Commanders,2025,110,21,10,0.4761904761904761,76,744,5,497,6.5
48297,N'Keal Harry,Bears,2022,10,4,3,0.75,7,116,1,16,2.3
48297,N'Keal Harry,Vikings,2023,0,0,0,,0,0,0,0,0.0
48327,A.J. Brown,Eagles,2022,148,33,15,0.4545454545454545,94,1548,11,606,6.5
48327,A.J. Brown,Eagles,2023,165,33,14,0.4242424242424242,111,1500,7,487,4.4
48327,A.J. Brown,Eagles,2024,101,26,15,0.5769230769230769,68,1086,7,357,5.3
48327,A.J. Brown,Eagles,2025,129,38,18,0.4736842105263157,81,1027,7,270,3.3
48329,Dezmon Patmon,Colts,2022,6,1,0,0.0,2,24,0,7,3.5
48341,Steven Sims,Steelers,2022,22,3,1,0.3333333333333333,14,104,0,63,4.5
48341,Steven Sims,Texans,2023,3,0,0,,3,25,0,30,10.0
48341,Steven Sims,Texans,2024,0,0,0,,0,0,0,0,0.0
48341,Steven Sims,Cardinals,2025,1,0,0,,0,0,0,0,0.0
51593,Keelan Cole Sr.,Raiders,2022,24,6,1,0.1666666666666666,10,141,1,22,2.2
52130,Isaiah Hodgins,Giants,2022,50,10,6,0.6,41,442,4,123,3.0
52130,Isaiah Hodgins,Giants,2023,33,12,4,0.3333333333333333,22,257,3,76,3.5
52130,Isaiah Hodgins,Giants,2024,2,0,0,,2,12,0,1,0.5
52130,Isaiah Hodgins,Giants,2025,20,4,2,0.5,10,115,1,18,1.8
52195,Austin Trammell,Rams,2022,4,1,0,0.0,2,13,0,0,0.0
52195,Austin Trammell,Rams,2023,6,1,0,0.0,4,29,0,35,8.8
52195,Austin Trammell,Jaguars,2024,3,1,0,0.0,2,40,0,9,4.5
52195,Austin Trammell,Jaguars,2025,9,1,1,1.0,3,46,0,0,0.0
55003,D.J. Montgomery,Colts,2023,7,3,1,0.3333333333333333,3,56,1,29,9.7
55038,Charlie Jones,Bengals,2023,9,0,0,,7,64,0,34,4.9
55038,Charlie Jones,Bengals,2024,1,0,0,,1,5,0,0,0.0
55038,Charlie Jones,Bengals,2025,1,0,0,,0,0,0,0,0.0
55410,Gabe Davis,Bills,2022,103,26,8,0.3076923076923077,51,856,7,146,2.9
55410,Gabe Davis,Bills,2023,83,14,7,0.5,49,786,7,192,3.9
55410,Gabe Davis,Jaguars,2024,43,10,2,0.2,20,239,2,43,2.1
55410,Gabe Davis,Bills,2025,18,7,5,0.7142857142857143,12,129,1,30,2.5
61100,DeVonta Smith,Eagles,2022,137,28,12,0.4285714285714285,97,1209,7,487,5.0
61100,DeVonta Smith,Eagles,2023,115,25,10,0.4,82,1072,7,290,3.5
61100,DeVonta Smith,Eagles,2024,86,16,7,0.4375,68,833,8,292,4.3
61100,DeVonta Smith,Eagles,2025,122,27,11,0.4074074074074074,81,1077,4,305,3.8
61103,Jerry Jeudy,Broncos,2022,105,13,3,0.2307692307692307,70,995,6,418,6.0
61103,Jerry Jeudy,Broncos,2023,89,16,3,0.1875,55,764,2,321,5.8
61103,Jerry Jeudy,Browns,2024,151,25,9,0.36,93,1240,4,394,4.2
61103,Jerry Jeudy,Browns,2025,114,24,8,0.3333333333333333,52,627,2,187,3.6
61107,Tyrell Shavers,Bills,2024,1,0,0,,1,69,1,72,72.0
61107,Tyrell Shavers,Bills,2025,23,3,1,0.3333333333333333,15,245,1,65,4.3
61211,Tee Higgins,Bengals,2022,112,29,17,0.5862068965517241,77,1066,7,309,4.0
61211,Tee Higgins,Bengals,2023,79,24,9,0.375,44,704,5,241,5.5
61211,Tee Higgins,Bengals,2024,114,34,14,0.4117647058823529,73,911,10,224,3.1
61211,Tee Higgins,Bengals,2025,103,42,19,0.4523809523809524,61,885,11,167,2.7
61212,Amari Rodgers,Packers,2022,25,5,3,0.6,17,208,1,69,4.1
61212,Amari Rodgers,Colts,2023,2,0,0,,0,0,0,0,0.0
61220,Laviska Shenault Jr.,Panthers,2022,32,2,1,0.5,27,272,1,335,12.4
61220,Laviska Shenault Jr.,Panthers,2023,11,0,0,,11,73,0,103,9.4
61220,Laviska Shenault Jr.,Chargers,2024,6,0,0,,5,36,0,46,9.2
61245,Kadarius Toney,Chiefs,2022,21,1,1,1.0,18,211,2,128,7.1
61245,Kadarius Toney,Chiefs,2023,39,2,0,0.0,28,209,1,175,6.3
61245,Kadarius Toney,Browns,2024,1,0,0,,0,0,0,0,0.0
61295,Dennis Houston,Cowboys,2022,7,3,2,0.6666666666666666,2,16,0,6,3.0
61324,Ihmir Smith-Marsette,Chiefs,2022,3,0,0,,1,15,0,5,5.0
61324,Ihmir Smith-Marsette,Panthers,2023,10,0,0,,8,51,0,50,6.3
61324,Ihmir Smith-Marsette,Giants,2024,0,0,0,,0,0,0,0,0.0
61327,Brandon Smith,Jets,2025,0,0,0,,0,0,0,0,0.0
61359,Josh Ali,Falcons,2022,1,0,0,,0,0,0,0,0.0
61361,Lynn Bowden Jr.,Patriots,2022,0,0,0,,0,0,0,0,0.0
61361,Lynn Bowden Jr.,Saints,2023,17,0,0,,12,97,0,77,6.4
61398,Justin Jefferson,Vikings,2022,189,43,22,0.5116279069767442,131,1821,8,634,4.8
61398,Justin Jefferson,Vikings,2023,104,23,9,0.391304347826087,70,1081,5,273,3.9
61398,Justin Jefferson,Vikings,2024,169,35,17,0.4857142857142857,107,1615,10,521,4.9
61398,Justin Jefferson,Vikings,2025,147,25,11,0.44,87,1068,2,455,5.2
61401,Racey McMath,Titans,2022,7,3,0,0.0,2,40,0,5,2.5
61418,Calvin Austin III,Steelers,2023,33,8,3,0.375,17,180,1,73,4.3
61418,Calvin Austin III,Steelers,2024,60,12,6,0.5,37,556,4,157,4.2
61418,Calvin Austin III,Steelers,2025,57,9,4,0.4444444444444444,31,372,3,129,4.2
61439,Donovan Peoples-Jones,Browns,2022,101,32,11,0.34375,63,867,3,200,3.2
61439,Donovan Peoples-Jones,Lions,2023,25,1,1,1.0,13,155,0,34,2.6
61441,Nico Collins,Texans,2022,65,16,12,0.75,37,481,2,144,3.9
61441,Nico Collins,Texans,2023,116,14,7,0.5,84,1345,8,583,6.9
61441,Nico Collins,Texans,2024,105,17,11,0.6470588235294118,73,1151,7,466,6.4
61441,Nico Collins,Texans,2025,127,33,18,0.5454545454545454,75,1166,6,352,4.7
61448,Cody White,Steelers,2022,1,0,0,,1,2,0,1,1.0
61448,Cody White,Seahawks,2024,4,1,0,0.0,2,44,0,14,7.0
61448,Cody White,Seahawks,2025,4,0,0,,3,90,1,57,19.0
61457,Braylon Sanders,Dolphins,2022,3,0,0,,2,17,0,4,2.0
61478,Lance McCutcheon,Rams,2022,4,2,0,0.0,0,0,0,0,0.0
61501,Elijah Cooks,Jaguars,2023,4,0,0,,3,38,0,9,3.0
61501,Elijah Cooks,Jaguars,2024,0,0,0,,0,0,0,0,0.0
61522,Jaelon Darden,Browns,2022,2,0,0,,2,26,0,15,7.5
61522,Jaelon Darden,Browns,2024,1,0,0,,1,6,0,8,8.0
61544,Kyric McGowan,Commanders,2022,0,0,0,,0,0,0,0,0.0
61568,Marquise Brown,Cardinals,2022,112,18,11,0.6111111111111112,68,724,3,245,3.6
61568,Marquise Brown,Cardinals,2023,105,25,5,0.2,53,580,4,171,3.2
61568,Marquise Brown,Chiefs,2024,15,1,1,1.0,9,91,0,46,5.1
61568,Marquise Brown,Chiefs,2025,77,12,4,0.3333333333333333,50,601,5,199,4.0
61570,CeeDee Lamb,Cowboys,2022,155,27,12,0.4444444444444444,110,1397,9,509,4.6
61570,CeeDee Lamb,Cowboys,2023,188,31,11,0.3548387096774194,137,1763,12,676,4.9
61570,CeeDee Lamb,Cowboys,2024,162,34,18,0.5294117647058824,106,1246,6,566,5.3
61570,CeeDee Lamb,Cowboys,2025,130,34,14,0.4117647058823529,77,1102,3,320,4.2
61577,Tylan Wallace,Ravens,2022,6,1,1,1.0,4,33,0,12,3.0
61577,Tylan Wallace,Ravens,2023,2,0,0,,1,11,0,2,2.0
61577,Tylan Wallace,Ravens,2024,12,0,0,,11,193,1,127,11.6
61577,Tylan Wallace,Ravens,2025,9,2,0,0.0,4,45,1,17,4.3
61588,Johnny Johnson III,Texans,2022,0,0,0,,0,0,0,0,0.0
61588,Johnny Johnson III,Texans,2023,0,0,0,,0,0,0,0,0.0
61590,KJ Hamler,Broncos,2022,18,0,0,,7,165,0,23,3.3
61610,Bo Melton,Packers,2023,24,5,3,0.6,17,224,1,38,2.2
61610,Bo Melton,Packers,2024,18,5,4,0.8,8,91,0,8,1.0
61610,Bo Melton,Packers,2025,11,3,1,0.3333333333333333,4,107,1,6,1.5
61637,Jalen Tolbert,Cowboys,2022,3,1,1,1.0,2,12,0,0,0.0
61637,Jalen Tolbert,Cowboys,2023,37,8,4,0.5,22,268,2,31,1.4
61637,Jalen Tolbert,Cowboys,2024,79,24,12,0.5,51,647,7,189,3.7
61637,Jalen Tolbert,Cowboys,2025,35,10,4,0.4,20,216,1,49,2.5
61643,Shi Smith,Panthers,2022,43,10,2,0.2,23,307,2,96,4.2
61664,Quez Watkins,Eagles,2022,53,9,1,0.1111111111111111,34,386,3,151,4.4
61664,Quez Watkins,Eagles,2023,21,7,4,0.5714285714285714,15,142,1,49,3.3
61669,Tim Jones,Jaguars,2022,4,0,0,,3,30,0,22,7.3
61669,Tim Jones,Jaguars,2023,18,4,2,0.5,11,83,0,32,2.9
61669,Tim Jones,Jaguars,2024,5,1,1,1.0,3,41,0,19,6.3
61669,Tim Jones,Jaguars,2025,1,0,0,,1,15,0,11,11.0
61697,Jalen Reagor,Vikings,2022,13,1,0,0.0,8,104,1,27,3.4
61697,Jalen Reagor,Patriots,2023,22,6,2,0.3333333333333333,7,138,0,20,2.9
61697,Jalen Reagor,Chargers,2024,12,3,2,0.6666666666666666,8,100,0,29,3.6
61765,Ethan Fernea,Colts,2022,0,0,0,,0,0,0,0,0.0
61765,Ethan Fernea,Colts,2023,0,0,0,,0,0,0,0,0.0
61811,Tay Martin,49ers,2022,0,0,0,,0,0,0,0,0.0
61811,Tay Martin,49ers,2023,0,0,0,,0,0,0,0,0.0
61811,Tay Martin,Titans,2024,2,1,0,0.0,1,49,1,5,5.0
61811,Tay Martin,Commanders,2025,2,0,0,,2,23,0,5,2.5
62890,Rondale Moore,Cardinals,2022,60,6,1,0.1666666666666666,44,418,1,304,6.9
62890,Rondale Moore,Cardinals,2023,67,8,3,0.375,43,410,1,227,5.3
62979,Joshua Palmer,Chargers,2022,107,16,7,0.4375,74,789,3,253,3.4
62979,Joshua Palmer,Chargers,2023,65,15,7,0.4666666666666667,41,632,2,213,5.2
62979,Joshua Palmer,Chargers,2024,73,15,6,0.4,43,603,1,102,2.4
62979,Joshua Palmer,Bills,2025,40,9,4,0.4444444444444444,22,303,0,54,2.5
63707,Rashid Shaheed,Saints,2022,34,1,0,0.0,28,488,2,174,6.2
63707,Rashid Shaheed,Saints,2023,71,9,5,0.5555555555555556,46,719,5,155,3.4
63707,Rashid Shaheed,Saints,2024,41,7,0,0.0,20,349,3,102,5.1
63707,Rashid Shaheed,Seahawks,2025,91,14,6,0.4285714285714285,59,687,2,182,3.1
63721,Colton Dowell,Titans,2023,2,0,0,,1,3,0,1,1.0
64309,Daylen Baldwin,Browns,2022,2,1,1,1.0,2,25,0,0,0.0
64310,Montrell Washington,Broncos,2022,10,3,0,0.0,4,2,0,14,3.5
64310,Montrell Washington,Chiefs,2024,0,0,0,,0,0,0,0,0.0
66272,Malachi Corley,Jets,2024,6,2,2,1.0,3,16,0,4,1.3
66272,Malachi Corley,Browns,2025,13,1,1,1.0,11,79,0,71,6.5
66581,Christian Watson,Packers,2022,67,13,9,0.6923076923076923,41,611,7,264,6.4
66581,Christian Watson,Packers,2023,55,19,6,0.3157894736842105,28,422,5,106,3.8
66581,Christian Watson,Packers,2024,55,17,10,0.5882352941176471,30,622,2,155,5.2
66581,Christian Watson,Packers,2025,56,21,11,0.5238095238095238,36,633,6,118,3.3
66915,Justin Watson,Chiefs,2022,37,5,1,0.2,16,349,2,56,3.5
66915,Justin Watson,Chiefs,2023,53,13,7,0.5384615384615384,27,460,3,49,1.8
66915,Justin Watson,Chiefs,2024,33,6,5,0.8333333333333334,22,289,2,64,2.9
66915,Justin Watson,Texans,2025,5,1,1,1.0,3,30,0,13,4.3
73774,Rome Odunze,Bears,2024,102,19,13,0.6842105263157895,57,757,3,272,4.8
73774,Rome Odunze,Bears,2025,95,20,7,0.35,46,677,6,211,4.6
76366,Johnny Wilson,Eagles,2024,17,6,1,0.1666666666666666,6,47,1,15,2.5
77965,Tutu Atwell,Rams,2022,37,7,4,0.5714285714285714,18,298,1,66,3.7
77965,Tutu Atwell,Rams,2023,73,11,5,0.4545454545454545,41,493,3,111,2.7
77965,Tutu Atwell,Rams,2024,63,8,2,0.25,42,562,0,124,3.0
77965,Tutu Atwell,Rams,2025,18,7,1,0.1428571428571428,6,192,1,65,10.8
77975,A.T. Perry,Saints,2023,20,7,4,0.5714285714285714,12,246,4,19,1.6
77985,Antoine Green,Lions,2023,2,1,0,0.0,1,2,0,1,1.0
77986,Dyami Brown,Commanders,2022,12,2,1,0.5,5,143,2,31,6.2
77986,Dyami Brown,Commanders,2023,26,5,2,0.4,12,168,1,77,6.4
77986,Dyami Brown,Commanders,2024,42,6,3,0.5,33,379,1,269,8.2
77986,Dyami Brown,Jaguars,2025,39,8,4,0.5,20,227,1,36,1.8
77997,Jake Bobo,Seahawks,2023,26,7,5,0.7142857142857143,21,205,2,89,4.2
77997,Jake Bobo,Seahawks,2024,19,3,2,0.6666666666666666,13,107,1,27,2.1
77997,Jake Bobo,Seahawks,2025,2,0,0,,2,20,0,4,2.0
78021,Justyn Ross,Chiefs,2023,12,3,1,0.3333333333333333,6,53,0,14,2.3
78021,Justyn Ross,Chiefs,2024,1,0,0,,0,0,0,0,0.0
78038,Alec Pierce,Colts,2022,81,31,12,0.3870967741935484,42,596,2,117,2.8
78038,Alec Pierce,Colts,2023,69,22,9,0.4090909090909091,33,528,2,101,3.1
78038,Alec Pierce,Colts,2024,75,22,10,0.4545454545454545,40,880,7,118,3.0
78038,Alec Pierce,Colts,2025,94,36,15,0.4166666666666667,50,1043,6,196,3.9
78092,Tyquan Thornton,Patriots,2022,45,6,1,0.1666666666666666,22,247,2,66,3.0
78092,Tyquan Thornton,Patriots,2023,22,3,1,0.3333333333333333,13,91,0,48,3.7
78092,Tyquan Thornton,Patriots,2024,10,3,1,0.3333333333333333,4,47,0,26,6.5
78092,Tyquan Thornton,Chiefs,2025,38,11,4,0.3636363636363636,19,438,3,62,3.3
78148,Erik Ezukanma,Dolphins,2022,1,0,0,,1,3,0,7,7.0
78148,Erik Ezukanma,Dolphins,2023,2,0,0,,0,0,0,0,0.0
78148,Erik Ezukanma,Dolphins,2024,2,0,0,,0,0,0,0,0.0
78171,Jayden Reed,Packers,2023,98,14,3,0.2142857142857142,68,799,8,354,5.2
78171,Jayden Reed,Packers,2024,81,14,8,0.5714285714285714,56,895,6,405,7.2
78171,Jayden Reed,Packers,2025,23,3,2,0.6666666666666666,20,246,1,86,4.3
78187,Dylan Drummond,Lions,2023,0,0,0,,0,0,0,0,0.0
78187,Dylan Drummond,Falcons,2025,11,6,2,0.3333333333333333,7,42,0,17,2.4
78196,Derius Davis,Chargers,2023,17,0,0,,15,66,0,114,7.6
78196,Derius Davis,Chargers,2024,16,0,0,,14,125,2,118,8.4
78196,Derius Davis,Chargers,2025,4,1,1,1.0,3,16,0,8,2.7
78734,Ryan Miller,Buccaneers,2023,0,0,0,,0,0,0,0,0.0
78734,Ryan Miller,Buccaneers,2024,20,7,3,0.4285714285714285,12,128,2,56,4.7
78734,Ryan Miller,Buccaneers,2025,4,1,1,1.0,2,34,1,0,0.0
78874,Tank Dell,Texans,2023,81,12,7,0.5833333333333334,50,782,7,149,3.0
78874,Tank Dell,Texans,2024,89,19,9,0.4736842105263157,54,709,3,168,3.1
84088,Jaylen Waddle,Dolphins,2022,121,24,5,0.2083333333333333,76,1371,8,530,7.0
84088,Jaylen Waddle,Dolphins,2023,110,14,5,0.3571428571428571,75,1062,4,427,5.7
84088,Jaylen Waddle,Dolphins,2024,89,6,3,0.5,60,748,2,238,4.0
84088,Jaylen Waddle,Dolphins,2025,104,24,13,0.5416666666666666,67,969,6,234,3.5
84096,Chris Blair,Falcons,2023,0,0,0,,0,0,0,0,0.0
84096,Chris Blair,Falcons,2024,2,0,0,,1,17,0,0,0.0
84096,Chris Blair,Falcons,2025,0,0,0,,0,0,0,0,0.0
84109,Brandon Aiyuk,49ers,2022,121,27,12,0.4444444444444444,82,1089,8,378,4.6
84109,Brandon Aiyuk,49ers,2023,108,14,8,0.5714285714285714,78,1404,7,397,5.1
84109,Brandon Aiyuk,49ers,2024,49,8,5,0.625,27,398,0,111,4.1
84117,Michael Woods II,Browns,2022,11,0,0,,6,54,0,25,4.2
84117,Michael Woods II,Browns,2024,23,6,1,0.1666666666666666,9,93,0,37,4.1
84135,Anthony Schwartz,Browns,2022,10,2,0,0.0,4,51,0,30,7.5
84136,Shedrick Jackson,Bengals,2023,1,1,0,0.0,0,0,0,0,0.0
84136,Shedrick Jackson,Raiders,2025,5,1,0,0.0,4,56,1,5,1.3
84140,Khalil Shakir,Bills,2022,19,3,2,0.6666666666666666,11,163,1,75,6.8
84140,Khalil Shakir,Bills,2023,48,4,2,0.5,41,618,2,299,7.3
84140,Khalil Shakir,Bills,2024,101,17,6,0.3529411764705882,77,829,4,604,7.8
84140,Khalil Shakir,Bills,2025,97,16,6,0.375,76,723,4,573,7.5
84147,Dax Milne,Commanders,2022,7,0,0,,6,37,1,14,2.3
84150,Nikko Remigio,Chiefs,2024,6,1,0,0.0,2,48,0,16,8.0
84150,Nikko Remigio,Chiefs,2025,1,0,0,,1,21,0,3,3.0
84248,Bryce Oliver,Titans,2024,7,0,0,,6,95,0,28,4.7
84248,Bryce Oliver,Titans,2025,1,0,0,,1,8,0,2,2.0
84270,Ja'Marr Chase,Bengals,2022,135,28,11,0.3928571428571428,90,1078,9,432,4.8
84270,Ja'Marr Chase,Bengals,2023,148,28,11,0.3928571428571428,102,1227,7,556,5.5
84270,Ja'Marr Chase,Bengals,2024,180,28,12,0.4285714285714285,129,1725,17,800,6.2
84270,Ja'Marr Chase,Bengals,2025,195,39,18,0.4615384615384615,127,1435,8,654,5.2
84271,Terrace Marshall Jr.,Panthers,2022,49,20,7,0.35,28,490,1,143,5.1
84271,Terrace Marshall Jr.,Panthers,2023,32,5,2,0.4,20,162,0,59,3.0
84271,Terrace Marshall Jr.,Raiders,2024,6,2,1,0.5,3,41,0,4,1.3
84288,Ronnie Bell,49ers,2023,13,7,3,0.4285714285714285,6,68,3,11,1.8
84288,Ronnie Bell,49ers,2024,6,2,0,0.0,2,22,0,2,1.0
84288,Ronnie Bell,Saints,2025,4,0,0,,2,23,1,1,0.5
84292,Jalen Nailor,Vikings,2022,12,1,1,1.0,9,179,1,68,7.6
84292,Jalen Nailor,Vikings,2023,6,1,0,0.0,3,29,0,21,7.0
84292,Jalen Nailor,Vikings,2024,44,5,2,0.4,29,444,6,105,3.6
84292,Jalen Nailor,Vikings,2025,54,12,9,0.75,32,499,4,130,4.1
84296,Rashod Bateman,Ravens,2022,28,1,0,0.0,15,285,2,137,9.1
84296,Rashod Bateman,Ravens,2023,57,12,5,0.4166666666666667,34,389,1,69,2.0
84296,Rashod Bateman,Ravens,2024,71,7,1,0.1428571428571428,45,756,9,186,4.1
84296,Rashod Bateman,Ravens,2025,36,5,2,0.4,20,226,2,42,2.1
84302,Elijah Moore,Jets,2022,61,6,1,0.1666666666666666,38,458,1,96,2.5
84302,Elijah Moore,Browns,2023,103,12,4,0.3333333333333333,62,679,2,198,3.2
84302,Elijah Moore,Browns,2024,100,20,10,0.5,63,551,1,141,2.2
84302,Elijah Moore,Bills,2025,17,5,1,0.2,9,112,0,57,6.3
84329,Romeo Doubs,Packers,2022,66,15,5,0.3333333333333333,42,425,3,194,4.6
84329,Romeo Doubs,Packers,2023,101,28,14,0.5,60,694,8,140,2.3
84329,Romeo Doubs,Packers,2024,74,18,11,0.6111111111111112,47,603,4,141,3.0
84329,Romeo Doubs,Packers,2025,90,30,12,0.4,57,733,6,166,2.9
84345,Kevin Austin Jr.,Saints,2024,22,5,2,0.4,11,151,0,39,3.5
84345,Kevin Austin Jr.,Saints,2025,25,3,0,0.0,15,155,1,69,4.6
84355,Chris Olave,Saints,2022,123,25,8,0.32,74,1066,4,219,3.0
84355,Chris Olave,Saints,2023,142,25,10,0.4,89,1149,5,356,4.0
84355,Chris Olave,Saints,2024,48,10,7,0.7,36,457,1,122,3.4
84355,Chris Olave,Saints,2025,162,36,16,0.4444444444444444,104,1188,9,301,2.9
84375,Jahan Dotson,Commanders,2022,60,19,12,0.631578947368421,37,564,7,144,3.9
84375,Jahan Dotson,Commanders,2023,83,14,4,0.2857142857142857,50,522,4,119,2.4
84375,Jahan Dotson,Eagles,2024,32,5,1,0.2,20,220,0,80,4.0
84375,Jahan Dotson,Eagles,2025,34,7,4,0.5714285714285714,19,267,1,50,2.6
84423,Michael Wilson,Cardinals,2023,65,17,8,0.4705882352941176,39,567,3,143,3.7
84423,Michael Wilson,Cardinals,2024,76,19,11,0.5789473684210527,49,585,4,147,3.0
84423,Michael Wilson,Cardinals,2025,135,37,24,0.6486486486486487,85,1126,7,316,3.7
84424,Simi Fehoko,Cowboys,2022,4,2,1,0.5,3,24,0,10,3.3
84424,Simi Fehoko,Chargers,2023,2,0,0,,1,9,1,7,7.0
84424,Simi Fehoko,Chargers,2024,18,6,2,0.3333333333333333,7,106,0,20,2.9
84424,Simi Fehoko,Cardinals,2025,0,0,0,,0,0,0,0,0.0
84425,Brycen Tremayne,Commanders,2024,1,0,0,,1,-2,0,2,2.0
84425,Brycen Tremayne,Panthers,2025,18,2,1,0.5,14,160,0,54,3.9
84434,Cedric Tillman,Browns,2023,44,7,2,0.2857142857142857,21,224,0,67,3.2
84434,Cedric Tillman,Browns,2024,49,8,5,0.625,31,360,3,116,3.7
84434,Cedric Tillman,Browns,2025,44,8,3,0.375,22,306,2,62,2.8
84463,Kyle Philips,Titans,2022,14,3,2,0.6666666666666666,8,78,0,19,2.4
84463,Kyle Philips,Titans,2023,23,1,0,0.0,15,181,0,87,5.8
84470,Amon-Ra St. Brown,Lions,2022,145,13,5,0.3846153846153846,110,1181,6,564,5.1
84470,Amon-Ra St. Brown,Lions,2023,165,27,13,0.4814814814814814,121,1547,10,683,5.6
84470,Amon-Ra St. Brown,Lions,2024,139,30,20,0.6666666666666666,116,1270,12,412,3.5
84470,Amon-Ra St. Brown,Lions,2025,167,24,10,0.4166666666666667,120,1412,11,585,4.9
84480,Deven Thompkins,Buccaneers,2022,10,2,0,0.0,5,32,0,34,6.8
84480,Deven Thompkins,Buccaneers,2023,26,4,0,0.0,18,87,1,73,4.1
84480,Deven Thompkins,Panthers,2024,4,0,0,,4,20,0,27,6.8
84480,Deven Thompkins,Falcons,2025,3,0,0,,3,27,0,20,6.7
86519,Drake London,Falcons,2022,121,28,15,0.5357142857142857,75,905,4,233,3.1
86519,Drake London,Falcons,2023,112,38,18,0.4736842105263157,71,908,2,195,2.8
86519,Drake London,Falcons,2024,158,42,22,0.5238095238095238,102,1312,9,345,3.4
86519,Drake London,Falcons,2025,108,31,13,0.4193548387096774,69,921,7,243,3.5
91470,Deonte Harty,Saints,2022,2,0,0,,2,13,0,8,4.0
91470,Deonte Harty,Bills,2023,22,2,1,0.5,15,150,1,81,5.4
91470,Deonte Harty,Ravens,2024,0,0,0,,0,0,0,0,0.0
91472,Jason Moore,Chargers,2022,3,1,0,0.0,1,5,0,0,0.0
91479,Ashton Dulin,Colts,2022,22,10,6,0.6,15,207,1,35,2.3
91479,Ashton Dulin,Colts,2024,9,2,0,0.0,3,79,1,52,17.3
91479,Ashton Dulin,Colts,2025,11,3,1,0.3333333333333333,5,106,0,52,10.4
91824,Michael Bandy,Chargers,2022,18,3,1,0.3333333333333333,10,89,0,20,2.0
91824,Michael Bandy,Broncos,2023,0,0,0,,0,0,0,0,0.0
91824,Michael Bandy,Broncos,2025,4,1,1,1.0,4,50,1,27,6.8
94356,Trinity Benson,Lions,2022,0,0,0,,0,0,0,0,0.0
94375,Malik Taylor,Jets,2023,5,0,0,,2,13,0,8,4.0
94379,Tom Kennedy,Lions,2022,15,1,0,0.0,9,154,0,75,8.3
94379,Tom Kennedy,Lions,2024,1,0,0,,0,0,0,0,0.0
94379,Tom Kennedy,Lions,2025,4,1,1,1.0,4,36,0,4,1.0
95015,Gunner Olszewski,Steelers,2022,6,2,1,0.5,5,53,0,15,3.0
95015,Gunner Olszewski,Giants,2023,1,0,0,,1,0,0,1,1.0
95015,Gunner Olszewski,Giants,2025,14,2,2,1.0,10,145,1,74,7.4
97078,Anthony Gould,Colts,2024,1,0,0,,1,23,0,5,5.0
97078,Anthony Gould,Colts,2025,2,0,0,,2,6,0,8,4.0
97108,Malik Washington,Dolphins,2024,37,7,3,0.4285714285714285,26,223,0,123,4.7
97108,Malik Washington,Dolphins,2025,66,9,5,0.5555555555555556,50,382,3,322,6.4
97116,Skyy Moore,Chiefs,2022,34,3,1,0.3333333333333333,22,250,0,146,6.6
97116,Skyy Moore,Chiefs,2023,40,5,1,0.2,23,274,1,121,5.3
97116,Skyy Moore,Chiefs,2024,2,0,0,,0,0,0,0,0.0
97116,Skyy Moore,49ers,2025,7,1,1,1.0,5,87,0,27,5.4
97156,Isaiah Williams,Bengals,2024,3,0,0,,2,6,0,7,3.5
97156,Isaiah Williams,Jets,2025,36,3,1,0.3333333333333333,26,193,0,122,4.7
97268,Zay Flowers,Ravens,2023,108,11,5,0.4545454545454545,79,862,5,397,5.0
97268,Zay Flowers,Ravens,2024,121,16,8,0.5,79,1094,4,492,6.2
97268,Zay Flowers,Ravens,2025,123,15,8,0.5333333333333333,88,1256,5,483,5.5
97273,Jalen Moreno-Cropper,Cowboys,2024,0,0,0,,0,0,0,0,0.0
97273,Jalen Moreno-Cropper,Cowboys,2025,0,0,0,,0,0,0,0,0.0
97288,Tahj Washington,Dolphins,2025,6,2,1,0.5,3,37,0,9,3.0
97399,Jamari Thrash,Browns,2024,6,1,0,0.0,3,22,0,14,4.7
97399,Jamari Thrash,Browns,2025,14,1,0,0.0,10,107,0,41,4.1
97400,John Metchie III,Texans,2023,31,3,0,0.0,17,159,0,84,4.9
97400,John Metchie III,Texans,2024,37,11,6,0.5454545454545454,24,254,1,65,2.7
97400,John Metchie III,Jets,2025,48,8,3,0.375,33,274,2,144,4.4
97405,Garrett Wilson,Jets,2022,145,39,14,0.358974358974359,85,1121,4,406,4.8
97405,Garrett Wilson,Jets,2023,175,42,11,0.2619047619047619,96,1067,3,331,3.5
97405,Garrett Wilson,Jets,2024,162,32,16,0.5,103,1112,7,450,4.4
97405,Garrett Wilson,Jets,2025,60,13,5,0.3846153846153846,39,422,4,107,2.7
97605,Rashee Rice,Chiefs,2023,102,6,1,0.1666666666666666,80,942,7,664,8.3
97605,Rashee Rice,Chiefs,2024,31,1,0,0.0,25,309,2,185,7.4
97605,Rashee Rice,Chiefs,2025,80,17,4,0.2352941176470588,55,573,5,430,7.8
97623,Jordan Whittington,Rams,2024,28,3,1,0.3333333333333333,22,293,0,206,9.4
97623,Jordan Whittington,Rams,2025,25,1,0,0.0,20,207,0,119,6.0
97774,Jonathan Mingo,Panthers,2023,86,11,4,0.3636363636363636,44,423,0,162,3.7
97774,Jonathan Mingo,Cowboys,2024,46,13,2,0.1538461538461538,17,167,0,69,4.1
97774,Jonathan Mingo,Cowboys,2025,5,1,0,0.0,1,25,0,4,4.0
97989,David Bell,Browns,2022,33,9,4,0.4444444444444444,25,224,0,74,3.0
97989,David Bell,Browns,2023,21,3,2,0.6666666666666666,14,167,3,73,5.2
97989,David Bell,Browns,2024,3,1,1,1.0,3,27,0,9,3.0
98005,Theo Wease Jr.,Dolphins,2025,10,3,1,0.3333333333333333,6,139,1,60,10.0
98095,Joshua Cephus,Jaguars,2024,0,0,0,,0,0,0,0,0.0
98847,Bub Means,Saints,2024,15,4,2,0.5,9,118,1,20,2.2
99197,Xavier Legette,Panthers,2024,86,23,12,0.5217391304347826,49,497,4,112,2.3
99197,Xavier Legette,Panthers,2025,63,14,6,0.4285714285714285,35,363,3,74,2.1
99204,Ramel Keyton,Raiders,2024,3,1,1,1.0,1,7,0,0,0.0
99207,Ainias Smith,Eagles,2024,10,1,0,0.0,8,39,1,25,3.1
99218,Treylon Burks,Titans,2022,56,12,7,0.5833333333333334,34,464,2,187,5.5
99218,Treylon Burks,Titans,2023,35,10,2,0.2,18,225,0,74,4.1
99218,Treylon Burks,Titans,2024,9,2,0,0.0,4,34,0,4,1.0
99218,Treylon Burks,Commanders,2025,25,7,3,0.4285714285714285,11,146,1,36,3.3
99229,George Pickens,Steelers,2022,96,32,20,0.625,56,851,4,112,2.0
99229,George Pickens,Steelers,2023,109,22,7,0.3181818181818182,65,1178,5,426,6.5
99229,George Pickens,Steelers,2024,109,30,12,0.4,64,1022,3,272,4.3
99229,George Pickens,Cowboys,2025,145,45,24,0.5333333333333333,98,1477,9,498,5.1
99248,Trey Palmer,Buccaneers,2023,69,19,6,0.3157894736842105,40,399,3,113,2.8
99248,Trey Palmer,Buccaneers,2024,23,4,1,0.25,12,172,1,42,3.5
99691,Jared Wayne,Texans,2024,0,0,0,,0,0,0,0,0.0
99691,Jared Wayne,Texans,2025,2,0,0,,2,20,0,2,1.0
99711,Dontayvion Wicks,Packers,2023,62,8,3,0.375,39,580,4,218,5.6
99711,Dontayvion Wicks,Packers,2024,76,14,3,0.2142857142857142,39,415,5,148,3.8
99711,Dontayvion Wicks,Packers,2025,45,11,7,0.6363636363636364,31,344,2,82,2.6
100632,Puka Nacua,Rams,2023,164,26,12,0.4615384615384615,110,1557,6,648,5.9
100632,Puka Nacua,Rams,2024,111,21,6,0.2857142857142857,80,1000,3,526,6.6
100632,Puka Nacua,Rams,2025,166,44,31,0.7045454545454546,133,1831,10,683,5.1
100637,Devaughn Vele,Broncos,2024,57,15,9,0.6,43,502,3,146,3.4
100637,Devaughn Vele,Saints,2025,42,13,10,0.7692307692307693,27,321,2,38,1.4
100660,Ricky Pearsall,49ers,2024,47,10,5,0.5,32,406,3,120,3.8
100660,Ricky Pearsall,49ers,2025,59,12,9,0.75,36,528,0,78,2.2
100894,Jacob Cowing,49ers,2024,7,1,0,0.0,5,82,0,32,6.4
101106,Tre Tucker,Raiders,2023,36,3,1,0.3333333333333333,19,331,2,27,1.4
101106,Tre Tucker,Raiders,2024,85,16,8,0.5,50,586,3,215,4.3
101106,Tre Tucker,Raiders,2025,97,15,5,0.3333333333333333,59,746,5,320,5.4
101130,Xavier Weaver,Cardinals,2024,3,2,0,0.0,0,0,0,0,0.0
101130,Xavier Weaver,Cardinals,2025,14,3,1,0.3333333333333333,8,74,0,22,2.8
101135,Jha'Quan Jackson,Titans,2024,4,0,0,,2,27,0,27,13.5
101634,Luke McCaffrey,Commanders,2024,28,5,2,0.4,18,168,0,96,5.3
101634,Luke McCaffrey,Commanders,2025,18,2,2,1.0,14,230,3,78,5.6
101701,Jameson Williams,Lions,2022,9,0,0,,2,107,1,47,23.5
101701,Jameson Williams,Lions,2023,44,7,4,0.5714285714285714,25,364,2,116,4.6
101701,Jameson Williams,Lions,2024,92,14,6,0.4285714285714285,61,1026,7,511,8.4
101701,Jameson Williams,Lions,2025,102,11,6,0.5454545454545454,67,1167,7,485,7.2
101710,Casey Washington,Falcons,2024,2,1,0,0.0,1,14,0,11,11.0
101710,Casey Washington,Falcons,2025,14,4,1,0.25,6,94,0,12,2.0
101711,Dalevon Campbell,Panthers,2025,0,0,0,,0,0,0,0,0.0
101735,Wan'Dale Robinson,Giants,2022,32,8,4,0.5,23,227,1,127,5.5
101735,Wan'Dale Robinson,Giants,2023,78,5,4,0.8,60,525,1,291,4.8
101735,Wan'Dale Robinson,Giants,2024,138,30,17,0.5666666666666667,96,718,3,379,4.0
101735,Wan'Dale Robinson,Giants,2025,143,26,9,0.3461538461538461,96,1035,4,401,4.2
102578,Jakobie Keeney-James,Packers,2025,2,1,1,1.0,2,15,0,0,0.0
102585,Xavier Smith,Rams,2024,2,0,0,,2,6,0,5,2.5
102585,Xavier Smith,Rams,2025,23,1,0,0.0,18,303,0,108,6.0
102929,Kaylon Geiger,Buccaneers,2022,0,0,0,,0,0,0,0,0.0
102933,Dalen Cambre,Giants,2025,0,0,0,,0,0,0,0,0.0
104136,Xavier Gipson,Jets,2023,39,7,2,0.2857142857142857,23,246,0,118,5.1
104136,Xavier Gipson,Jets,2024,12,3,1,0.3333333333333333,6,39,1,22,3.7
104136,Xavier Gipson,Eagles,2025,2,0,0,,2,6,0,14,7.0
104155,Demario Douglas,Patriots,2023,79,13,6,0.4615384615384615,52,578,0,346,6.7
104155,Demario Douglas,Patriots,2024,95,5,2,0.4,72,665,3,418,5.8
104155,Demario Douglas,Patriots,2025,48,5,3,0.6,35,536,3,267,7.6
104969,Coleman Owen,Colts,2025,1,0,0,,0,0,0,0,0.0
109617,Mason Tipton,Saints,2024,26,5,3,0.6,15,108,0,31,2.1
109617,Mason Tipton,Saints,2025,19,3,0,0.0,12,89,0,46,3.8
109811,Andrei Iosivas,Bengals,2023,25,5,2,0.4,15,116,4,34,2.3
109811,Andrei Iosivas,Bengals,2024,66,13,7,0.5384615384615384,37,529,6,114,3.1
109811,Andrei Iosivas,Bengals,2025,59,16,3,0.1875,34,444,2,103,3.0
111276,Grant DuBose,Dolphins,2024,5,2,0,0.0,2,11,0,4,2.0
111284,Jalen Brooks,Cowboys,2023,8,1,1,1.0,6,64,0,30,5.0
111284,Jalen Brooks,Cowboys,2024,33,14,5,0.3571428571428571,13,190,1,40,3.1
111284,Jalen Brooks,Cardinals,2025,6,1,1,1.0,3,51,0,18,6.0
111900,Dareke Young,Seahawks,2022,3,1,1,1.0,3,46,0,24,8.0
111900,Dareke Young,Seahawks,2023,0,0,0,,0,0,0,0,0.0
111900,Dareke Young,Seahawks,2024,1,0,0,,0,0,0,0,0.0
111900,Dareke Young,Seahawks,2025,3,2,1,0.5,2,48,0,1,0.5
115664,Mason Kinsey,Titans,2022,1,0,0,,1,3,0,0,0.0
115664,Mason Kinsey,Titans,2023,1,0,0,,1,6,0,9,9.0
115664,Mason Kinsey,Titans,2024,3,0,0,,2,17,0,0,0.0
115664,Mason Kinsey,Titans,2025,4,1,1,1.0,2,48,0,3,1.5
121451,Jason Brownlee,Jets,2023,11,2,0,0.0,6,61,1,21,3.5
121451,Jason Brownlee,Chiefs,2025,1,0,0,,0,0,0,0,0.0
121811,Jaylin Lane,Commanders,2025,32,8,3,0.375,17,257,0,40,2.4
121926,Danny Gray,49ers,2022,6,1,0,0.0,1,10,0,4,4.0
122220,Xavier Restrepo,Titans,2025,8,2,0,0.0,5,50,0,22,4.4
122518,Xavier Hutchinson,Texans,2023,22,9,1,0.1111111111111111,9,121,0,23,2.6
122518,Xavier Hutchinson,Texans,2024,28,9,2,0.2222222222222222,13,133,0,40,3.1
122518,Xavier Hutchinson,Texans,2025,60,9,3,0.3333333333333333,36,440,3,152,4.2
122579,Quentin Skinner,Jets,2025,2,1,1,1.0,2,12,0,6,3.0
122676,Tre Harris,Chargers,2025,43,7,5,0.7142857142857143,30,324,1,142,4.7
122730,Jordan Watkins,49ers,2025,3,1,1,1.0,2,26,0,1,0.5
122832,Josh Downs,Colts,2023,100,11,5,0.4545454545454545,73,810,2,399,5.5
122832,Josh Downs,Colts,2024,106,16,8,0.5,75,861,5,415,5.5
122832,Josh Downs,Colts,2025,88,15,5,0.3333333333333333,61,595,4,156,2.6
122937,Marvin Mims Jr.,Broncos,2023,36,8,2,0.25,24,388,1,166,6.9
122937,Marvin Mims Jr.,Broncos,2024,52,4,1,0.25,41,510,6,486,11.8
122937,Marvin Mims Jr.,Broncos,2025,53,4,3,0.75,38,328,1,237,6.2
123000,Jordan Addison,Vikings,2023,115,26,9,0.3461538461538461,70,911,10,267,3.8
123000,Jordan Addison,Vikings,2024,102,22,10,0.4545454545454545,66,895,9,237,3.6
123000,Jordan Addison,Vikings,2025,75,13,6,0.4615384615384615,42,610,3,135,3.2
123085,Quentin Johnston,Chargers,2023,72,27,7,0.2592592592592592,38,431,2,152,4.0
123085,Quentin Johnston,Chargers,2024,91,23,8,0.3478260869565217,56,739,8,313,5.6
123085,Quentin Johnston,Chargers,2025,82,22,11,0.5,52,758,8,230,4.4
123101,Savion Williams,Packers,2025,10,1,1,1.0,10,78,1,66,6.6
123153,Ja'Lynn Polk,Patriots,2024,34,13,3,0.2307692307692307,12,87,2,11,0.9
123155,Myles Price,Vikings,2025,0,0,0,,0,0,0,0,0.0
123406,Ke'Shawn Williams,Bengals,2025,1,0,0,,1,5,0,1,1.0
123470,Mitchell Tinsley,Commanders,2023,0,0,0,,0,0,0,0,0.0
123470,Mitchell Tinsley,Bengals,2025,24,9,3,0.3333333333333333,8,116,2,15,1.9
123578,Tyler Scott,Bears,2023,32,8,1,0.125,17,168,0,65,3.8
123578,Tyler Scott,Bears,2024,1,0,0,,1,5,0,7,7.0
123616,LaJohntay Wester,Ravens,2025,0,0,0,,0,0,0,0,0.0
123709,Tez Johnson,Buccaneers,2025,44,6,4,0.6666666666666666,28,322,5,107,3.8
123904,Javon Baker,Patriots,2024,4,1,0,0.0,1,12,0,0,0.0
124017,Jermaine Burton,Bengals,2024,14,5,1,0.2,4,107,0,18,4.5
124030,Ladd McConkey,Chargers,2024,117,23,13,0.5652173913043478,86,1174,7,411,4.8
124030,Ladd McConkey,Chargers,2025,107,13,3,0.2307692307692307,68,804,6,315,4.6
124039,Arian Smith,Jets,2025,16,6,1,0.1666666666666666,8,61,0,40,5.0
124087,Kayshon Boutte,Patriots,2023,7,2,1,0.5,2,19,0,10,5.0
124087,Kayshon Boutte,Patriots,2024,75,14,9,0.6428571428571429,46,608,3,161,3.5
124087,Kayshon Boutte,Patriots,2025,51,9,5,0.5555555555555556,35,564,6,40,1.1
124173,Malik Heath,Packers,2023,24,9,4,0.4444444444444444,15,125,1,36,2.4
124173,Malik Heath,Packers,2024,12,5,4,0.8,10,97,2,25,2.5
124173,Malik Heath,Packers,2025,7,1,1,1.0,6,86,0,29,4.8
124281,Jimmy Holiday,Chiefs,2025,0,0,0,,0,0,0,0,0.0
124282,Jalin Hyatt,Giants,2023,44,11,5,0.4545454545454545,26,468,0,55,2.1
124282,Jalin Hyatt,Giants,2024,23,6,3,0.5,8,62,0,7,0.9
124282,Jalin Hyatt,Giants,2025,15,5,1,0.2,5,35,0,2,0.4
125155,Jaylin Noel,Texans,2025,35,2,1,0.5,26,292,2,100,3.9
128232,Tory Horton,Seahawks,2025,25,7,2,0.2857142857142857,15,178,5,36,2.4
128374,Kyle Williams,Patriots,2025,24,7,1,0.1428571428571428,10,209,3,78,7.8
129519,Rakim Jarrett,Buccaneers,2023,7,1,1,1.0,4,60,0,27,6.8
129519,Rakim Jarrett,Buccaneers,2024,11,5,3,0.6,9,124,0,19,2.1
129604,Roman Wilson,Steelers,2024,0,0,0,,0,0,0,0,0.0
129604,Roman Wilson,Steelers,2025,21,4,1,0.25,13,179,2,67,5.2
129758,Jaxon Smith-Njigba,Seahawks,2023,93,14,3,0.2142857142857142,63,628,4,370,5.9
129758,Jaxon Smith-Njigba,Seahawks,2024,144,28,13,0.4642857142857143,106,1244,6,523,4.9
129758,Jaxon Smith-Njigba,Seahawks,2025,168,32,15,0.46875,119,1793,10,529,4.5
129789,KeAndre Lambert-Smith,Chargers,2025,13,1,1,1.0,5,51,1,21,4.2
129799,Parker Washington,Jaguars,2023,20,3,3,1.0,16,132,2,38,2.4
129799,Parker Washington,Jaguars,2024,55,9,4,0.4444444444444444,33,392,3,108,3.3
129799,Parker Washington,Jaguars,2025,98,30,17,0.5666666666666667,62,889,5,296,4.8
129918,Chimere Dike,Titans,2025,80,3,1,0.3333333333333333,52,452,4,239,4.6
131692,Brenden Rice,Chargers,2024,0,0,0,,0,0,0,0,0.0
131905,Jalen McMillan,Buccaneers,2024,63,14,4,0.2857142857142857,39,477,8,130,3.3
131905,Jalen McMillan,Buccaneers,2025,15,2,2,1.0,12,178,0,58,4.8
136866,Darius Cooper,Eagles,2025,12,2,1,0.5,9,92,0,24,2.7
141521,Efton Chism III,Patriots,2025,4,1,1,1.0,3,75,1,40,13.3
143068,Jalen Coker,Panthers,2024,51,10,6,0.6,33,493,2,176,5.3
143068,Jalen Coker,Panthers,2025,46,8,7,0.875,34,396,3,94,2.8
143358,Mike Strachan,Colts,2022,9,4,1,0.25,3,59,0,11,3.7
143358,Mike Strachan,Panthers,2023,3,2,0,0.0,1,45,0,7,7.0
144112,Beaux Collins,Giants,2025,7,1,0,0.0,2,25,0,7,3.5
144483,Jimmy Horn Jr.,Panthers,2025,14,0,0,,12,108,0,75,6.3
144718,Xavier Worthy,Chiefs,2024,96,11,3,0.2727272727272727,60,646,6,419,7.0
144718,Xavier Worthy,Chiefs,2025,80,11,4,0.3636363636363636,45,541,1,219,4.9
144800,Pat Bryant,Broncos,2025,50,15,9,0.6,33,394,1,154,4.7
144886,Tai Felton,Vikings,2025,5,1,0,0.0,3,25,0,14,4.7
144949,Keon Coleman,Bills,2024,66,23,8,0.3478260869565217,33,627,4,240,7.3
144949,Keon Coleman,Bills,2025,68,19,6,0.3157894736842105,40,422,4,86,2.1
145055,Emeka Egbuka,Buccaneers,2025,134,28,8,0.2857142857142857,67,974,6,343,5.1
145056,Marvin Harrison Jr.,Cardinals,2024,124,41,16,0.3902439024390244,66,931,8,155,2.4
145056,Marvin Harrison Jr.,Cardinals,2025,79,24,10,0.4166666666666667,42,610,4,118,2.8
145443,Tejhaun Palmer,Cardinals,2025,0,0,0,,0,0,0,0,0.0
145598,Konata Mumpfield,Rams,2025,23,5,1,0.2,10,92,1,26,2.6
145773,Devontez Walker,Ravens,2024,2,0,0,,1,21,1,0,0.0
145773,Devontez Walker,Ravens,2025,8,1,0,0.0,6,136,3,23,3.8
146547,Dont'e Thornton Jr.,Raiders,2025,33,16,3,0.1875,12,160,0,39,3.3
146567,Troy Franklin,Broncos,2024,51,5,1,0.2,29,265,2,159,5.5
146567,Troy Franklin,Broncos,2025,108,18,9,0.5,69,739,6,299,4.3
146587,Ja'Corey Brooks,Commanders,2025,0,0,0,,0,0,0,0,0.0
146712,Adonai Mitchell,Colts,2024,57,7,1,0.1428571428571428,24,322,0,104,4.3
146712,Adonai Mitchell,Jets,2025,73,12,5,0.4166666666666667,33,453,2,87,2.6
146759,Malik Nabers,Giants,2024,179,44,19,0.4318181818181818,115,1293,7,499,4.3
146759,Malik Nabers,Giants,2025,34,9,3,0.3333333333333333,18,271,2,51,2.8
146760,Brian Thomas Jr.,Jaguars,2024,138,17,8,0.4705882352941176,93,1344,10,593,6.4
146760,Brian Thomas Jr.,Jaguars,2025,95,32,11,0.34375,50,779,2,179,3.6
146771,Jack Bech,Raiders,2025,30,9,5,0.5555555555555556,20,224,0,68,3.4
150169,Gage Larvadain,Browns,2025,14,2,0,0.0,7,71,0,30,4.3
150240,Jayden Higgins,Texans,2025,70,14,6,0.4285714285714285,42,551,6,125,3.0
156149,Jared Bernhardt,Falcons,2022,0,0,0,,0,0,0,0,0.0
156151,Kaden Davis,Browns,2024,1,0,0,,0,0,0,0,0.0
156153,Tyreik McAllister,Raiders,2024,0,0,0,,0,0,0,0,0.0
156165,Matthew Golden,Packers,2025,42,7,3,0.4285714285714285,29,361,0,104,3.6
157170,Luther Burden III,Bears,2025,62,2,0,0.0,47,652,2,342,7.3
157263,Elic Ayomanor,Titans,2025,90,25,13,0.52,41,515,4,121,3.0
157518,Jacoby Jones,Commanders,2025,1,0,0,,1,25,0,22,22.0
158735,Tetairoa McMillan,Panthers,2025,129,26,8,0.3076923076923077,72,1062,7,279,3.9
159617,Ryan Flournoy,Cowboys,2024,16,2,1,0.5,11,122,0,41,3.7
159617,Ryan Flournoy,Cowboys,2025,56,12,5,0.4166666666666667,42,503,4,218,5.2
160766,Travis Hunter,Jaguars,2025,45,8,4,0.5,29,299,1,143,4.9
163442,Jalen Royals,Chiefs,2025,3,1,1,1.0,2,4,0,4,2.0
163586,Isaiah Bond,Browns,2025,44,12,6,0.5,19,344,0,95,5.0
165866,Kameron Johnson,Buccaneers,2024,1,0,0,,0,0,0,0,0.0
165866,Kameron Johnson,Buccaneers,2025,6,0,0,,4,64,1,19,4.8
172430,Isaac TeSlaa,Lions,2025,28,9,5,0.5555555555555556,16,239,6,55,3.4
175944,Jahdae Walker,Bears,2025,10,1,0,0.0,6,87,2,9,1.5
